HIERARCHY
ROOT Hips
{
  OFFSET 0.000000 0.000000 0.000000
  CHANNELS 6 Xposition Yposition Zposition Zrotation Xrotation Yrotation
  JOINT Spine
  {
    OFFSET 0.000000 0.201924 0.000000
    CHANNELS 3 Zrotation Xrotation Yrotation
    JOINT Chest
    {
      OFFSET 0.000000 0.302887 0.000000
      CHANNELS 3 Zrotation Xrotation Yrotation
      JOINT Neck
      {
        OFFSET 0.000000 0.082757 0.000000
        CHANNELS 3 Zrotation Xrotation Yrotation
        JOINT Head
        {
          OFFSET 0.000000 0.082757 0.000000
          CHANNELS 3 Zrotation Xrotation Yrotation
          JOINT HeadTip
          {
            OFFSET 0.000000 0.057930 0.000000
            CHANNELS 3 Zrotation Xrotation Yrotation
            End Site
            {
              OFFSET 0 0.02 0
            }
          }
        }
      }
      JOINT LeftArm
      {
        OFFSET 0.127688 0.000000 0.000000
        CHANNELS 3 Zrotation Xrotation Yrotation
        JOINT LeftForeArm
        {
          OFFSET 0.234259 0.000000 0.000000
          CHANNELS 3 Zrotation Xrotation Yrotation
          JOINT LeftHand
          {
            OFFSET 0.234985 0.000000 0.000000
            CHANNELS 3 Zrotation Xrotation Yrotation
            JOINT LeftFinger
            {
              OFFSET 0.047728 0.000000 0.000000
              CHANNELS 3 Zrotation Xrotation Yrotation
              End Site
              {
                OFFSET 0 0.02 0
              }
            }
          }
        }
      }
      JOINT RightArm
      {
        OFFSET -0.127688 0.000000 0.000000
        CHANNELS 3 Zrotation Xrotation Yrotation
        JOINT RightForeArm
        {
          OFFSET -0.292811 0.000000 0.000000
          CHANNELS 3 Zrotation Xrotation Yrotation
          JOINT RightHand
          {
            OFFSET -0.213811 0.000000 0.000000
            CHANNELS 3 Zrotation Xrotation Yrotation
            JOINT RightFinger
            {
              OFFSET -0.093548 0.000000 0.000000
              CHANNELS 3 Zrotation Xrotation Yrotation
              End Site
              {
                OFFSET 0 0.02 0
              }
            }
          }
        }
      }
    }
  }
  JOINT LeftUpLeg
  {
    OFFSET 0.113381 -0.017007 0.000000
    CHANNELS 3 Zrotation Xrotation Yrotation
    JOINT LeftLeg
    {
      OFFSET 0.000000 -0.382927 0.000000
      CHANNELS 3 Zrotation Xrotation Yrotation
      JOINT LeftFoot
      {
        OFFSET 0.000000 -0.379044 0.000000
        CHANNELS 3 Zrotation Xrotation Yrotation
        JOINT LeftToe
        {
          OFFSET 0.000000 0.000000 0.106774
          CHANNELS 3 Zrotation Xrotation Yrotation
          End Site
          {
            OFFSET 0 0.02 0
          }
        }
      }
    }
  }
  JOINT RightUpLeg
  {
    OFFSET -0.113381 -0.017007 0.000000
    CHANNELS 3 Zrotation Xrotation Yrotation
    JOINT RightLeg
    {
      OFFSET 0.000000 -0.334607 0.000000
      CHANNELS 3 Zrotation Xrotation Yrotation
      JOINT RightFoot
      {
        OFFSET 0.000000 -0.431842 0.000000
        CHANNELS 3 Zrotation Xrotation Yrotation
        JOINT RightToe
        {
          OFFSET 0.000000 0.000000 0.128119
          CHANNELS 3 Zrotation Xrotation Yrotation
          End Site
          {
            OFFSET 0 0.02 0
          }
        }
      }
    }
  }
}
MOTION
Frames: 356
Frame Time: 0.033366667
0.000000 0.774494 0.000000 1.777933 8.359174 -0.129937 0.000000 0.000000 0.000000 -8.908087 34.414241 1.598298 0.000000 0.000000 0.000000 -0.000000 0.000000 -0.000000 -0.000000 0.000000 0.000000 -88.780407 -10.717168 -33.732783 14.724881 1.195856 -4.466375 -3.655483 -5.844981 7.808577 0.000000 0.000000 0.000000 82.776605 11.959639 60.770331 11.398882 -22.016291 -14.603376 -91.010964 34.921091 141.683840 0.000000 0.000000 -0.000000 6.268013 2.985626 0.249703 -43.851084 23.882925 3.436752 24.156745 86.320456 4.223286 0.000000 0.000000 -0.000000 10.417772 -6.956306 1.501380 -38.540991 17.791070 3.793927 13.857874 6.112911 50.086815 0.000000 0.000000 -0.000000
0.000000 0.782417 0.000000 1.809627 7.284760 -0.115206 -0.000000 0.000000 -0.000000 -11.292707 36.624536 2.479645 -0.000000 0.000000 0.000000 0.000000 -0.000000 -0.000000 -0.000000 0.000000 0.000000 -87.264785 -15.201267 -32.019721 17.675242 2.489113 -8.455719 -2.013342 -2.359168 3.615360 -0.000000 0.000000 0.000000 88.239323 15.714162 60.646782 11.681675 -25.064206 -15.529632 -105.234914 15.137959 155.557550 0.000000 0.000000 0.000000 13.377067 -0.296273 0.896542 -49.779041 18.151870 2.705744 -60.143584 70.706494 101.336733 -0.000000 0.000000 -0.000000 2.845271 -2.866869 0.297163 -22.765684 14.103365 1.385444 7.921279 2.488866 51.351632 -0.000000 0.000000 0.000000
0.000000 0.786650 0.000000 1.825255 6.232370 -0.099378 -0.000000 0.000000 -0.000000 -13.293450 38.166002 3.318266 0.000000 -0.000000 -0.000000 -0.000000 0.000000 0.000000 -0.000000 0.000000 -0.000000 -86.282677 -18.900911 -29.987238 19.448834 3.212242 -11.687396 -2.252541 -0.560659 1.182147 0.000000 0.000000 0.000000 92.730891 19.569926 60.415828 12.153840 -28.819796 -16.486244 -114.883230 -15.752199 162.741750 0.000000 0.000000 0.000000 19.014846 -3.059899 1.608090 -51.104734 14.982547 2.813349 -50.331049 54.865449 103.339710 0.000000 0.000000 0.000000 -3.143638 0.448266 -0.166012 -11.747972 10.892662 0.567328 4.485161 -0.027684 52.230035 -0.000000 0.000000 -0.000000
0.000000 0.787195 0.000000 1.825004 5.206668 -0.082986 0.000000 0.000000 -0.000000 -14.857061 39.066624 4.029969 -0.000000 0.000000 0.000000 0.000000 0.000000 0.000000 -0.000000 0.000000 0.000000 -85.843863 -21.820770 -27.640256 20.182562 3.682256 -14.079973 -3.775426 0.439029 -0.004982 -0.000000 0.000000 -0.000000 96.189158 23.527244 60.334888 13.033782 -33.612287 -17.406707 -123.544548 -52.720872 162.695013 -0.000000 0.000000 -0.000000 23.084420 -5.218821 2.216161 -47.968581 14.001422 3.077232 -39.457489 40.845447 101.652530 0.000000 0.000000 0.000000 -7.604246 2.906610 -0.199368 -5.225128 8.634516 0.467325 3.581224 -1.765918 52.785942 0.000000 0.000000 -0.000000
0.000000 0.784050 0.000000 1.828617 4.064921 -0.064900 -0.000000 0.000000 -0.000000 -16.333046 39.265083 4.676843 0.000000 0.000000 -0.000000 -0.000000 -0.000000 -0.000000 0.000000 0.000000 0.000000 -85.797850 -24.182429 -24.630955 19.582529 3.843968 -14.976606 -8.142342 2.188090 -1.326114 -0.000000 0.000000 0.000000 99.144638 28.908135 60.889258 12.785810 -42.477080 -20.019279 -187.778902 -85.536641 102.202071 0.000000 0.000000 -0.000000 26.440965 -7.321936 2.798477 -39.514967 16.436981 2.945250 -31.084338 24.755874 98.383705 -0.000000 0.000000 0.000000 -10.267880 3.949765 -0.073417 -4.611880 7.978013 0.595292 5.973853 -1.732373 52.856087 0.000000 0.000000 0.000000
0.000000 0.774078 0.000000 1.794117 3.101698 -0.048578 -0.000000 -0.000000 0.000000 -16.226284 38.728192 4.700293 0.000000 -0.000000 -0.000000 -0.000000 0.000000 -0.000000 0.000000 0.000000 0.000000 -85.975828 -26.302884 -20.957247 18.518811 4.354151 -15.987330 -9.688272 2.089334 -0.518026 0.000000 0.000000 -0.000000 99.473947 33.021171 62.011311 17.156026 -48.738131 -17.844559 -286.429364 -72.407827 7.754612 -0.000000 0.000000 0.000000 26.949074 -8.139891 2.829390 -26.913071 17.616566 1.042068 -29.815831 13.214203 97.195535 -0.000000 0.000000 0.000000 -12.272774 4.881927 0.115058 -5.456994 7.549607 0.679621 9.752469 -2.894369 52.450883 0.000000 0.000000 0.000000
0.000000 0.761412 0.000000 1.545510 2.525681 -0.034072 0.000000 0.000000 0.000000 -15.632222 37.935778 4.552292 0.000000 0.000000 0.000000 -0.000000 0.000000 -0.000000 -0.000000 0.000000 -0.000000 -88.817341 -25.867464 -18.971219 17.889682 5.057953 -16.227794 -11.036020 0.113118 2.423115 0.000000 0.000000 0.000000 96.458022 35.784064 65.510278 28.744781 -51.160858 -8.939763 -292.308220 -62.039328 8.978044 -0.000000 0.000000 -0.000000 25.908116 -6.227277 2.102798 -13.006710 16.254183 -1.579793 -31.659942 4.437327 94.582949 -0.000000 0.000000 -0.000000 -12.552624 6.086416 0.309926 -8.245049 7.245834 0.605634 13.950706 -4.589038 51.651107 -0.000000 0.000000 0.000000
0.000000 0.747608 0.000000 1.108523 2.459639 -0.023798 0.000000 0.000000 -0.000000 -14.543903 36.456114 4.159180 0.000000 -0.000000 -0.000000 -0.000000 0.000000 -0.000000 0.000000 0.000000 0.000000 -93.338988 -24.251803 -17.449585 15.302019 7.135904 -15.973147 -15.125356 -1.400695 4.573692 0.000000 0.000000 0.000000 90.293729 38.500969 71.987925 37.747320 -46.938442 1.036146 -276.493354 -67.335317 33.305273 0.000000 0.000000 -0.000000 24.382660 -2.126103 1.013177 -3.173713 13.373140 -2.650543 -33.171548 -2.743839 93.057627 0.000000 0.000000 0.000000 -12.513001 7.552550 0.486519 -10.841506 7.100924 0.433715 16.482301 -4.587888 51.461444 -0.000000 0.000000 -0.000000
0.000000 0.736478 0.000000 0.564758 2.734311 -0.013479 0.000000 0.000000 -0.000000 -13.260977 35.058652 3.735943 -0.000000 0.000000 -0.000000 0.000000 0.000000 0.000000 -0.000000 0.000000 0.000000 -98.023361 -21.711737 -17.046777 11.491831 9.339913 -14.533086 -9.732223 -0.136610 2.118153 0.000000 0.000000 -0.000000 83.256263 39.830332 79.012152 40.825144 -39.640964 7.223036 -237.869933 -68.883844 77.540552 0.000000 0.000000 0.000000 23.756330 1.207257 0.315766 -0.272054 10.715505 -2.307451 -31.629738 -6.961465 91.633481 0.000000 0.000000 0.000000 -13.483508 8.394460 0.630114 -12.455177 6.885164 0.311638 19.105086 -3.467888 49.032921 0.000000 0.000000 0.000000
0.000000 0.733530 0.000000 -0.009096 2.946812 0.000234 -0.000000 0.000000 -0.000000 -11.587880 34.463290 3.335810 0.000000 -0.000000 0.000000 0.000000 0.000000 0.000000 0.000000 0.000000 -0.000000 -101.756584 -19.398366 -17.268566 9.502111 10.759618 -13.776669 -3.507920 1.540702 -0.687256 -0.000000 0.000000 0.000000 77.720794 38.923807 83.384756 42.444779 -39.446491 9.335105 -227.412629 -66.884269 88.641264 0.000000 0.000000 -0.000000 23.573506 3.743258 -0.166176 -1.729997 7.360516 -1.530610 -27.259240 -8.450566 89.387296 -0.000000 0.000000 0.000000 -15.436451 8.955560 0.819107 -13.479981 6.658950 0.271707 22.107994 -1.383983 45.563895 -0.000000 0.000000 0.000000
0.000000 0.740641 0.000000 -0.235529 3.073958 0.006320 -0.000000 0.000000 -0.000000 -10.499594 34.380270 3.072961 0.000000 -0.000000 0.000000 -0.000000 -0.000000 -0.000000 -0.000000 0.000000 -0.000000 -103.218327 -17.890408 -17.846991 9.060603 11.478861 -13.796765 -0.874311 1.733338 -1.406716 -0.000000 0.000000 0.000000 76.367279 37.983465 83.624104 44.639989 -56.006625 6.605621 -260.817214 -71.220399 50.797088 -0.000000 0.000000 -0.000000 23.450144 3.519114 -0.085268 -6.279479 6.523067 -1.337256 -23.451111 -6.375790 89.333260 -0.000000 0.000000 0.000000 -17.347329 8.585430 0.862781 -15.336643 5.676630 0.050621 25.382702 2.804707 42.822934 -0.000000 0.000000 0.000000
0.000000 0.755272 0.000000 -0.184956 2.982580 0.004815 -0.000000 0.000000 -0.000000 -9.377273 34.390390 2.742849 0.000000 -0.000000 -0.000000 -0.000000 0.000000 0.000000 -0.000000 0.000000 0.000000 -103.044627 -17.992248 -17.676574 11.798764 11.284225 -15.493098 2.256791 0.742465 -1.143055 0.000000 0.000000 0.000000 78.601381 36.171819 79.070841 44.629451 -66.478283 2.036854 -290.532532 -69.238909 17.801109 -0.000000 0.000000 0.000000 23.799810 2.336427 0.140036 -11.562130 6.150075 -1.179087 -24.944686 1.471503 91.616036 0.000000 0.000000 -0.000000 -19.969279 5.684263 0.486274 -16.475586 7.193181 1.087136 27.747661 8.215391 40.637914 -0.000000 0.000000 0.000000
0.000000 0.774821 0.000000 -0.090032 2.989148 0.002349 0.000000 0.000000 0.000000 -8.326862 35.634773 2.513064 -0.000000 0.000000 -0.000000 0.000000 -0.000000 -0.000000 -0.000000 0.000000 0.000000 -100.897784 -17.612689 -19.620531 17.087690 8.474570 -16.514831 0.761265 0.135684 -0.287349 -0.000000 0.000000 0.000000 81.693237 31.931140 73.005887 36.639418 -67.771654 -8.968122 -305.501997 -57.828124 -2.524279 -0.000000 0.000000 0.000000 23.559206 -0.327154 0.691292 -16.577881 7.461690 -0.807857 -31.543754 14.620073 92.196300 0.000000 0.000000 0.000000 -19.136757 2.024772 -0.161149 -19.983841 9.940817 2.655714 28.659277 15.837392 35.938977 0.000000 0.000000 0.000000
0.000000 0.794757 0.000000 0.248822 3.108318 -0.006751 -0.000000 -0.000000 -0.000000 -8.668663 36.768692 2.590773 -0.000000 0.000000 0.000000 0.000000 -0.000000 -0.000000 0.000000 0.000000 0.000000 -97.401997 -17.428427 -22.071878 24.484300 4.629506 -16.920593 -4.361232 0.176132 0.478571 -0.000000 0.000000 -0.000000 84.337063 26.576269 67.675449 31.663756 -59.880219 -14.590169 -305.982327 -58.502001 -5.887245 0.000000 0.000000 -0.000000 22.328232 -2.463080 1.104909 -20.236388 9.297237 -0.262111 -40.408335 25.272825 97.596507 0.000000 0.000000 0.000000 -12.438669 -2.206375 -0.574061 -31.869309 12.969867 5.023106 30.381930 28.958952 30.976952 -0.000000 0.000000 -0.000000
0.000000 0.807799 0.000000 0.489543 3.546660 -0.015157 0.000000 0.000000 0.000000 -9.957872 37.755359 2.966937 0.000000 0.000000 0.000000 0.000000 0.000000 -0.000000 0.000000 0.000000 -0.000000 -93.719522 -17.360816 -24.884182 29.403052 1.875358 -15.851722 -4.643380 0.338804 0.255066 0.000000 0.000000 0.000000 86.388073 20.889010 63.575731 29.370316 -46.266398 -14.513749 -297.170481 -76.703124 0.771029 0.000000 0.000000 0.000000 20.682293 -3.917762 1.378825 -23.913395 11.334031 0.404354 -45.409673 29.519527 103.818058 0.000000 0.000000 0.000000 -2.548961 -6.774842 -0.200495 -46.817529 15.692792 8.535093 34.475222 44.352431 20.980269 -0.000000 0.000000 -0.000000
0.000000 0.813833 0.000000 0.590120 4.267709 -0.021988 0.000000 0.000000 0.000000 -11.144687 38.071629 3.277087 0.000000 -0.000000 -0.000000 -0.000000 0.000000 -0.000000 -0.000000 0.000000 -0.000000 -91.028207 -17.065688 -27.224045 31.586137 0.277176 -13.812511 -6.125871 0.719532 -0.097853 -0.000000 0.000000 -0.000000 87.455130 16.282151 60.871048 22.335391 -37.039436 -17.084137 -117.681670 -71.437582 174.429758 -0.000000 0.000000 0.000000 15.383280 -2.920444 0.985922 -20.484989 11.799214 0.255139 -47.456341 27.709061 108.130043 0.000000 0.000000 -0.000000 8.043525 -7.399000 0.857472 -59.923260 16.775873 9.825909 35.552366 54.275446 17.609515 -0.000000 0.000000 -0.000000
0.000000 0.814785 0.000000 0.698959 5.028223 -0.030690 -0.000000 0.000000 -0.000000 -12.355880 37.821215 3.515231 -0.000000 0.000000 0.000000 -0.000000 0.000000 -0.000000 0.000000 0.000000 0.000000 -89.771109 -16.012585 -29.026747 29.025659 -0.210763 -10.421953 -8.770105 0.841875 0.401043 -0.000000 0.000000 0.000000 87.547853 13.328394 59.771516 14.821540 -31.000473 -19.346840 -109.006757 -17.106518 174.636923 0.000000 0.000000 -0.000000 9.412790 -1.180815 0.518669 -13.811681 10.370162 -0.121165 -43.714382 22.236994 108.766032 -0.000000 0.000000 0.000000 15.113012 -4.422825 1.280231 -64.440729 14.946826 6.544671 21.265220 55.086912 36.667410 -0.000000 0.000000 0.000000
0.000000 0.813990 0.000000 0.865907 5.718248 -0.043246 -0.000000 -0.000000 0.000000 -13.789190 37.820733 3.819335 0.000000 -0.000000 0.000000 -0.000000 0.000000 -0.000000 -0.000000 0.000000 0.000000 -89.414800 -14.460661 -30.964618 25.184874 -0.429932 -7.348764 -10.391520 1.566243 -0.018761 0.000000 0.000000 0.000000 85.475887 11.226929 61.582671 12.239396 -25.674750 -17.900335 -98.285003 30.104457 161.699638 -0.000000 0.000000 0.000000 5.109538 0.881164 0.209559 -10.277172 8.057942 -0.289588 -36.893039 17.588447 106.831937 -0.000000 0.000000 0.000000 17.422429 -1.211617 1.072365 -60.856320 12.338453 2.501472 10.458991 42.303498 55.850371 -0.000000 0.000000 -0.000000
0.000000 0.812795 0.000000 0.858961 6.396924 -0.048001 -0.000000 0.000000 0.000000 -14.915817 38.906773 4.235076 -0.000000 0.000000 -0.000000 0.000000 -0.000000 0.000000 -0.000000 0.000000 0.000000 -84.486377 -16.134596 -33.855207 19.757437 -0.280024 -5.044901 -12.467710 2.237535 -0.457895 0.000000 0.000000 0.000000 82.548712 9.122459 65.310064 9.654230 -20.416849 -15.733553 -81.659064 38.931328 141.675358 0.000000 0.000000 0.000000 1.760394 0.674663 0.083017 -9.223805 7.324350 -0.147703 -34.214936 19.003641 104.130998 -0.000000 0.000000 -0.000000 19.515345 1.953295 0.752417 -53.719417 8.968942 -1.144295 8.687039 25.815587 61.916621 -0.000000 0.000000 -0.000000
0.000000 0.810798 0.000000 0.689573 6.732293 -0.040560 -0.000000 -0.000000 -0.000000 -15.386848 40.110587 4.582061 -0.000000 0.000000 0.000000 -0.000000 0.000000 -0.000000 -0.000000 0.000000 0.000000 -78.669944 -19.578394 -35.715861 17.721072 -0.312437 -4.136926 -12.977818 2.753440 -1.341630 0.000000 0.000000 -0.000000 79.307220 7.560361 69.503694 6.270577 -16.416396 -14.353397 -62.831834 42.173540 118.140481 -0.000000 0.000000 0.000000 -0.586368 0.090181 -0.034570 -8.605181 7.164139 0.019688 -31.562086 18.391575 104.506317 0.000000 0.000000 0.000000 23.444075 3.846211 0.578981 -49.482730 5.952749 -3.079660 7.596376 14.335375 64.565791 0.000000 0.000000 0.000000
0.000000 0.808508 0.000000 0.011525 7.011142 -0.000706 -0.000000 0.000000 -0.000000 -15.257753 41.089316 4.917556 -0.000000 0.000000 -0.000000 -0.000000 0.000000 0.000000 0.000000 0.000000 0.000000 -73.765425 -23.902217 -35.901075 17.782868 -0.092483 -4.887417 -10.400462 3.342589 -3.298087 0.000000 0.000000 0.000000 76.950309 6.376711 72.893638 2.468141 -13.858037 -14.379344 -48.359418 40.673243 99.639723 -0.000000 0.000000 0.000000 -1.088046 -1.135824 -0.077280 -10.782359 8.205288 0.299574 -27.815293 17.696450 104.642997 0.000000 0.000000 0.000000 26.848529 3.423907 0.859288 -42.878501 4.629653 -3.045159 4.877592 5.383808 62.759753 -0.000000 0.000000 0.000000
0.000000 0.805892 0.000000 -1.150657 7.032948 0.070712 0.000000 -0.000000 0.000000 -14.130330 41.643604 5.086203 0.000000 -0.000000 -0.000000 -0.000000 0.000000 0.000000 0.000000 0.000000 0.000000 -70.631032 -27.525978 -34.648294 20.441604 -0.162357 -6.676640 2.519624 2.014809 -5.290237 0.000000 0.000000 0.000000 75.910460 5.277794 73.822082 -1.698428 -12.106261 -15.524500 -39.754298 38.243781 90.643296 0.000000 0.000000 0.000000 -2.544615 -1.691692 -0.210766 -9.882260 9.465968 0.668998 -25.068492 15.652786 105.101972 -0.000000 0.000000 -0.000000 29.696616 2.904388 1.124699 -33.683088 4.528940 -2.524045 -0.329435 -4.050048 62.711055 0.000000 0.000000 -0.000000
0.000000 0.802830 0.000000 -2.403583 6.995347 0.146933 -0.000000 0.000000 -0.000000 -12.683025 41.870372 5.138288 0.000000 0.000000 -0.000000 -0.000000 0.000000 -0.000000 -0.000000 0.000000 -0.000000 -69.331984 -29.478666 -33.465181 23.772608 -1.272421 -6.570303 16.303792 -0.313670 -5.692399 0.000000 0.000000 0.000000 75.737630 3.458199 72.595041 -3.729021 -10.578785 -15.522323 -39.643248 35.227967 91.826903 -0.000000 0.000000 -0.000000 -3.519890 -2.227682 -0.330145 -9.245278 10.317282 0.994040 -21.226964 13.723391 104.325675 -0.000000 0.000000 0.000000 31.016031 2.693300 1.247649 -22.303856 4.390399 -2.010174 -4.872420 -15.602069 63.631602 0.000000 0.000000 0.000000
0.000000 0.802055 0.000000 -3.335175 7.323006 0.213486 -0.000000 0.000000 -0.000000 -11.504510 42.109751 5.121374 0.000000 -0.000000 -0.000000 -0.000000 0.000000 -0.000000 0.000000 0.000000 -0.000000 -68.776411 -31.108258 -32.817817 26.754036 -2.366190 -6.285509 19.917910 -1.067717 -7.435673 -0.000000 0.000000 -0.000000 75.052327 0.634548 71.534739 -4.100958 -9.106625 -14.520191 -37.749931 33.955618 92.451800 0.000000 0.000000 0.000000 -4.380554 -2.955588 -0.479210 -10.681179 10.359201 1.275685 -18.450914 15.108921 102.878436 0.000000 0.000000 0.000000 31.497837 2.593455 1.403904 -14.972185 4.121630 -1.701484 -7.149635 -23.314238 63.007443 0.000000 0.000000 0.000000
0.000000 0.802032 0.000000 -3.792086 7.855148 0.260447 -0.000000 0.000000 0.000000 -10.877355 42.232888 5.068958 -0.000000 0.000000 -0.000000 0.000000 -0.000000 0.000000 -0.000000 0.000000 0.000000 -67.780968 -32.766518 -32.401646 27.978361 -3.132009 -5.521675 18.757990 -1.022701 -9.540423 -0.000000 0.000000 0.000000 74.717950 -1.537089 70.776505 -5.190761 -7.818125 -13.891064 -33.913234 33.126747 90.251255 -0.000000 0.000000 0.000000 -5.406473 -3.550334 -0.656185 -12.611082 10.116206 1.480033 -19.827246 20.285385 101.654992 -0.000000 0.000000 0.000000 31.359474 3.266630 1.391094 -12.253838 3.681652 -1.631939 -6.823507 -28.045317 63.021543 -0.000000 0.000000 -0.000000
0.000000 0.800177 0.000000 -3.924397 8.409096 0.288615 -0.000000 0.000000 -0.000000 -9.949725 42.112312 4.755505 0.000000 0.000000 0.000000 0.000000 -0.000000 -0.000000 0.000000 0.000000 -0.000000 -67.285354 -33.810829 -32.077823 28.008816 -3.674455 -4.226188 16.861325 -0.793609 -11.170619 0.000000 0.000000 -0.000000 74.106012 -2.797455 70.392567 -6.126078 -7.641769 -14.441175 -34.909752 30.389240 89.697751 -0.000000 0.000000 -0.000000 -6.929886 -3.430020 -0.835194 -14.404954 9.735602 1.559610 -29.647218 31.085706 103.282076 0.000000 0.000000 -0.000000 30.687429 5.617493 0.957650 -12.826863 2.314746 -1.803835 -4.063093 -31.154725 64.708699 -0.000000 0.000000 -0.000000
0.000000 0.794229 0.000000 -3.838188 8.776129 0.294638 0.000000 -0.000000 -0.000000 -10.049891 41.833419 4.684456 0.000000 -0.000000 -0.000000 0.000000 0.000000 0.000000 0.000000 0.000000 0.000000 -66.895122 -34.492037 -31.525067 27.174647 -3.849098 -3.611343 13.472049 0.221314 -13.090945 0.000000 0.000000 0.000000 74.329118 -2.732426 70.354085 -6.487008 -8.420269 -15.789773 -38.865565 27.515080 91.243367 -0.000000 0.000000 0.000000 -7.772816 -2.903209 -0.892301 -17.908493 9.135103 1.485098 -43.834982 47.147962 105.363472 -0.000000 0.000000 0.000000 29.409204 7.880320 0.500087 -14.991927 0.343296 -2.152535 -2.241289 -29.324553 64.932663 -0.000000 0.000000 -0.000000
0.000000 0.783058 0.000000 -3.660954 8.875911 0.284231 -0.000000 0.000000 -0.000000 -10.276977 41.314301 4.602342 0.000000 -0.000000 0.000000 -0.000000 0.000000 -0.000000 -0.000000 0.000000 0.000000 -66.594896 -34.420748 -30.968214 26.324628 -3.691573 -3.649559 10.496750 1.156190 -13.220253 0.000000 0.000000 0.000000 75.002138 -1.638561 70.064915 -6.608605 -9.167203 -16.637148 -40.187429 27.344112 91.243045 0.000000 0.000000 0.000000 -7.963015 -1.692155 -0.792026 -23.084906 8.920989 1.310979 -54.238088 59.577516 108.383872 -0.000000 0.000000 -0.000000 28.306738 10.315753 -0.034762 -16.823260 -0.375384 -2.736956 -3.508025 -24.886300 65.463016 0.000000 0.000000 -0.000000
0.000000 0.768906 0.000000 -3.146165 8.866855 0.243992 0.000000 -0.000000 0.000000 -10.514870 40.866120 4.412095 -0.000000 0.000000 -0.000000 0.000000 0.000000 0.000000 0.000000 0.000000 -0.000000 -67.451129 -33.522212 -30.920193 25.355376 -3.567890 -3.343513 5.222173 2.904650 -13.353191 -0.000000 0.000000 0.000000 75.480520 -0.088663 70.101889 -6.057088 -10.421639 -17.533462 -41.368535 28.573123 91.244544 -0.000000 0.000000 0.000000 -6.691410 -0.881662 -0.595983 -31.360260 7.430367 0.507855 -73.212536 73.852109 120.952515 0.000000 0.000000 -0.000000 26.863868 11.669993 -0.354136 -19.107657 0.890760 -3.418983 -5.203464 -19.738337 65.086657 -0.000000 0.000000 0.000000
0.000000 0.755047 0.000000 -2.145685 9.020240 0.169270 -0.000000 0.000000 0.000000 -10.957677 40.310682 4.073297 0.000000 -0.000000 -0.000000 -0.000000 0.000000 -0.000000 0.000000 0.000000 0.000000 -69.426522 -32.027384 -31.202435 23.262018 -2.829277 -4.169523 -3.257859 4.821784 -10.619439 0.000000 0.000000 -0.000000 76.052368 1.382923 69.860915 -4.742391 -12.394765 -18.657932 -42.680188 33.130228 96.477879 -0.000000 0.000000 -0.000000 -5.320420 -1.269335 -0.502715 -38.814944 5.934300 -0.253276 -132.678364 83.108906 174.737800 0.000000 0.000000 0.000000 24.410700 11.498963 -0.326381 -22.257596 2.900199 -3.956000 -6.558153 -11.266432 61.911370 0.000000 0.000000 -0.000000
0.000000 0.744969 0.000000 -0.793826 9.175934 0.063703 0.000000 0.000000 0.000000 -12.160947 39.377766 3.780633 0.000000 0.000000 -0.000000 -0.000000 0.000000 0.000000 -0.000000 0.000000 -0.000000 -72.211449 -29.466587 -31.644534 21.852355 -2.037345 -5.054601 -13.094437 5.371729 -5.803481 0.000000 0.000000 -0.000000 76.764270 2.952545 69.433436 -1.312031 -14.946471 -18.900522 -42.701736 41.796970 101.291553 -0.000000 0.000000 -0.000000 -4.567391 0.000927 -0.366786 -44.500166 5.934512 -1.072209 -165.934859 83.831037 208.219839 -0.000000 0.000000 0.000000 21.162734 11.733578 -0.403489 -25.174645 4.383074 -4.404450 -5.121094 -5.545578 58.618811 0.000000 0.000000 0.000000
0.000000 0.741451 0.000000 0.469317 9.300699 -0.038176 -0.000000 -0.000000 0.000000 -13.903468 38.522670 3.684588 0.000000 -0.000000 -0.000000 -0.000000 0.000000 -0.000000 0.000000 0.000000 0.000000 -75.359891 -26.552961 -32.169211 19.942140 -0.905714 -6.094209 -19.473228 3.585237 -0.688145 -0.000000 0.000000 -0.000000 78.403181 4.772070 68.698028 4.156966 -18.180532 -18.249048 -48.689609 48.924051 108.124359 -0.000000 0.000000 -0.000000 -3.515322 2.430244 -0.221696 -46.958410 6.648435 -2.076655 -141.661726 85.386352 185.592669 0.000000 0.000000 0.000000 18.146295 12.830601 -0.627575 -28.008011 3.792737 -5.117720 -0.744114 -3.807311 55.889080 0.000000 0.000000 -0.000000
0.000000 0.745124 0.000000 1.078691 9.246636 -0.087234 -0.000000 -0.000000 -0.000000 -15.254937 37.893628 3.757345 0.000000 -0.000000 -0.000000 0.000000 0.000000 0.000000 -0.000000 0.000000 0.000000 -78.409463 -23.474215 -32.733740 16.558252 0.521386 -6.547665 -17.704484 0.621450 2.596230 -0.000000 0.000000 0.000000 81.473498 6.663046 66.699616 10.669646 -20.840092 -16.339249 -61.998385 53.686593 120.320507 -0.000000 0.000000 -0.000000 1.204952 3.410400 0.029752 -50.692820 7.973367 -2.392550 -103.206539 85.304322 147.627271 0.000000 0.000000 0.000000 14.629615 12.351912 -0.523262 -27.957846 2.397480 -5.041686 3.893237 -3.878802 52.340420 -0.000000 0.000000 -0.000000
0.000000 0.753616 0.000000 0.992067 9.115497 -0.079086 -0.000000 -0.000000 -0.000000 -15.566212 37.652407 3.854059 -0.000000 0.000000 -0.000000 -0.000000 0.000000 0.000000 -0.000000 0.000000 0.000000 -80.785886 -20.576971 -33.659097 15.729038 1.467609 -7.042931 -13.014230 -2.717043 5.495851 -0.000000 0.000000 0.000000 85.060249 8.682294 64.385258 16.284461 -22.338164 -14.099095 -79.401625 53.943358 135.229595 -0.000000 0.000000 0.000000 6.887403 3.144408 0.334319 -53.832345 10.585222 -1.547284 -66.914550 79.337295 113.788957 0.000000 0.000000 0.000000 10.513522 11.311622 -0.303880 -23.091959 1.786817 -3.969572 4.789795 -5.873193 51.514725 -0.000000 0.000000 -0.000000
0.000000 0.763779 0.000000 0.515289 8.649312 -0.038968 0.000000 0.000000 0.000000 -14.763997 37.759948 3.875801 -0.000000 0.000000 -0.000000 -0.000000 0.000000 0.000000 0.000000 0.000000 -0.000000 -83.798100 -17.574643 -34.274250 16.337120 1.567332 -6.864744 -9.444103 -4.817784 7.458662 -0.000000 0.000000 -0.000000 88.919713 11.157416 61.752364 18.523875 -22.802498 -12.777933 -99.306140 39.895286 153.342720 -0.000000 0.000000 0.000000 14.653479 1.672597 0.893174 -57.979036 13.063733 -0.151251 -58.255123 71.776153 107.477784 0.000000 0.000000 0.000000 5.349398 9.805939 -0.098991 -16.189216 2.331713 -2.427448 4.043942 -6.720326 52.245265 0.000000 0.000000 -0.000000
0.000000 0.771161 0.000000 -0.047996 7.997730 0.003355 -0.000000 0.000000 -0.000000 -13.369381 38.387504 3.845419 0.000000 0.000000 0.000000 -0.000000 0.000000 -0.000000 0.000000 0.000000 0.000000 -85.774170 -16.329623 -34.370820 19.391339 1.760398 -8.203775 -1.073662 -4.055920 6.154398 0.000000 0.000000 -0.000000 92.353175 14.048611 59.881839 17.307966 -23.605270 -12.989521 -110.093523 12.710750 162.901134 -0.000000 0.000000 0.000000 21.442292 -0.236721 1.560983 -58.132961 15.257972 1.334496 -55.060663 63.898683 104.559912 -0.000000 0.000000 0.000000 0.046476 7.099930 0.003343 -9.035472 3.310895 -0.941755 2.560168 -4.709044 52.106068 0.000000 0.000000 0.000000
0.000000 0.776498 0.000000 -0.332150 7.344646 0.021318 -0.000000 0.000000 -0.000000 -12.569458 38.239645 3.763284 0.000000 -0.000000 -0.000000 0.000000 0.000000 0.000000 -0.000000 0.000000 0.000000 -87.327833 -16.278526 -32.831700 22.207704 1.487690 -9.309663 2.147669 -3.034201 4.540670 -0.000000 0.000000 -0.000000 95.237243 18.139944 58.881303 16.004063 -25.686395 -13.404839 -116.797459 -15.336067 165.473059 0.000000 0.000000 0.000000 25.170390 -0.139807 1.671475 -52.219104 16.805303 1.092810 -46.350290 47.053283 100.320069 0.000000 0.000000 -0.000000 -4.360317 5.576337 -0.051594 -4.401392 3.984006 -0.182000 2.427766 -3.033311 51.885119 0.000000 0.000000 0.000000
0.000000 0.778734 0.000000 -0.396761 6.587288 0.022833 -0.000000 0.000000 -0.000000 -12.339840 38.039437 3.768462 0.000000 0.000000 0.000000 0.000000 -0.000000 -0.000000 0.000000 0.000000 0.000000 -89.407393 -16.962512 -30.365042 23.071268 1.566814 -10.602208 -0.097075 -0.886212 1.379550 0.000000 0.000000 -0.000000 96.598355 22.496934 59.486606 16.834178 -29.763400 -13.620401 -126.495402 -49.385370 162.014237 0.000000 0.000000 0.000000 26.961587 0.038350 1.570465 -41.049032 15.348955 -0.201786 -36.620770 27.664851 96.959520 -0.000000 0.000000 0.000000 -7.148097 5.657401 -0.038832 -4.253237 3.658633 -0.078193 4.630980 -0.916920 51.725288 -0.000000 0.000000 -0.000000
0.000000 0.776555 0.000000 -0.367155 5.790256 0.018568 -0.000000 0.000000 0.000000 -11.794388 36.993162 3.543481 0.000000 -0.000000 -0.000000 -0.000000 0.000000 -0.000000 -0.000000 0.000000 -0.000000 -92.234635 -17.479785 -26.869679 18.925574 2.877506 -10.898193 -3.520780 1.129363 -0.707431 -0.000000 0.000000 0.000000 96.817234 26.382892 60.067464 20.238797 -36.108647 -13.240512 -163.045871 -78.966079 130.879421 -0.000000 0.000000 -0.000000 28.940841 -0.362536 1.586298 -28.866835 12.832739 -1.191908 -30.870341 12.782276 94.075817 -0.000000 0.000000 -0.000000 -11.415553 5.874255 0.027281 -5.050605 3.667185 0.025911 8.865264 1.690558 50.885767 0.000000 0.000000 0.000000
0.000000 0.768229 0.000000 -0.575854 5.041604 0.025352 -0.000000 0.000000 0.000000 -11.779706 36.653444 3.639343 -0.000000 0.000000 -0.000000 0.000000 -0.000000 -0.000000 0.000000 0.000000 -0.000000 -91.447367 -19.534199 -24.486676 20.792982 2.913279 -12.745728 -7.389968 1.120739 0.130351 -0.000000 0.000000 -0.000000 95.662611 28.471395 61.775782 28.355347 -42.540206 -10.169032 -281.267018 -70.821138 16.803299 -0.000000 0.000000 -0.000000 26.015242 -1.494785 1.500577 -16.513417 11.163500 -1.328875 -27.318469 4.197149 91.481816 -0.000000 0.000000 0.000000 -8.853629 6.519645 0.147872 -6.947479 4.408940 -0.072988 9.001286 -0.241950 51.145848 0.000000 0.000000 0.000000
0.000000 0.758218 0.000000 -0.935905 4.040904 0.033018 0.000000 0.000000 0.000000 -12.192961 36.272674 3.930679 -0.000000 0.000000 -0.000000 0.000000 -0.000000 -0.000000 -0.000000 0.000000 0.000000 -90.178407 -20.548051 -22.662082 18.822685 3.873961 -13.123575 -15.595846 -0.553558 3.496329 0.000000 0.000000 -0.000000 95.207255 29.964875 62.667578 35.716089 -48.693873 -6.889704 -298.437844 -52.701536 2.231118 -0.000000 0.000000 0.000000 20.763732 -2.297984 1.140446 -1.835199 10.501094 -1.692574 -27.473670 -2.359567 90.511553 -0.000000 0.000000 -0.000000 -3.415436 8.023867 0.185146 -13.264714 5.353351 -0.588139 11.371156 -4.091838 52.925646 -0.000000 0.000000 -0.000000
0.000000 0.748045 0.000000 -1.420406 3.214648 0.039859 -0.000000 0.000000 0.000000 -12.499132 36.381487 4.281176 -0.000000 0.000000 0.000000 -0.000000 0.000000 0.000000 -0.000000 0.000000 0.000000 -90.328285 -20.595115 -21.855722 17.895249 5.496325 -14.543330 -16.494092 -1.052135 3.722323 0.000000 0.000000 -0.000000 92.405241 31.173089 66.082939 44.121028 -51.821104 -1.089396 -301.607869 -49.580916 3.215321 0.000000 0.000000 0.000000 16.970508 -2.376528 0.802981 8.706612 10.690015 -2.248156 -27.367388 -8.249693 90.824668 -0.000000 0.000000 -0.000000 -1.340107 8.938753 0.178501 -17.538836 5.623579 -0.887323 15.403218 -6.687780 53.222432 0.000000 0.000000 0.000000
0.000000 0.742873 0.000000 -1.717218 2.761230 0.041390 -0.000000 0.000000 -0.000000 -12.658998 36.073331 4.431405 -0.000000 0.000000 0.000000 0.000000 -0.000000 0.000000 -0.000000 0.000000 -0.000000 -94.092668 -19.050889 -21.141044 14.852290 7.500099 -14.247725 -16.518047 -1.398048 3.763326 0.000000 0.000000 -0.000000 89.077349 31.982604 69.696981 48.314554 -53.295044 2.651065 -302.000214 -48.355517 4.781920 -0.000000 0.000000 -0.000000 15.592892 -1.822304 0.598995 11.463176 10.981241 -2.389486 -26.309931 -10.873738 91.786332 -0.000000 0.000000 0.000000 -2.646310 9.818316 0.311703 -20.319836 5.138071 -1.163123 20.065385 -6.376092 51.674793 0.000000 0.000000 0.000000
0.000000 0.744587 0.000000 -1.900737 2.594526 0.043047 0.000000 -0.000000 0.000000 -11.910397 36.278766 4.305155 0.000000 0.000000 -0.000000 0.000000 -0.000000 0.000000 0.000000 0.000000 0.000000 -94.608325 -18.876667 -21.125488 16.680037 6.685243 -14.428785 -15.827802 0.170122 2.389355 0.000000 0.000000 0.000000 85.473261 31.477207 72.654576 48.249480 -51.459332 3.596409 -295.916542 -55.913354 11.953352 0.000000 0.000000 -0.000000 17.748291 -1.961542 0.677017 5.975980 11.329429 -2.163092 -25.642216 -8.022656 91.194515 0.000000 0.000000 -0.000000 -7.766965 9.136815 0.598916 -20.410365 5.356083 -0.726845 24.033066 -2.175920 48.876059 -0.000000 0.000000 -0.000000
0.000000 0.753730 0.000000 -1.594250 2.646112 0.036823 -0.000000 0.000000 -0.000000 -10.905077 36.055712 3.858518 -0.000000 0.000000 0.000000 -0.000000 0.000000 -0.000000 0.000000 0.000000 -0.000000 -95.741574 -18.408781 -20.881458 16.727913 6.091535 -13.738036 -11.772245 0.976127 1.132033 0.000000 0.000000 -0.000000 83.508757 30.781512 73.212169 49.297852 -51.780202 4.277658 -292.065758 -62.319181 17.162523 -0.000000 0.000000 0.000000 21.876672 -1.857259 0.842136 -1.213509 11.119157 -1.879974 -29.209817 -1.398142 90.687344 -0.000000 0.000000 0.000000 -16.116654 6.802920 0.686509 -19.326507 6.006160 0.338342 27.663377 8.289522 43.888116 -0.000000 0.000000 0.000000
0.000000 0.767988 0.000000 -1.037638 3.037882 0.027516 -0.000000 0.000000 -0.000000 -10.378429 36.753388 3.558852 0.000000 0.000000 0.000000 0.000000 -0.000000 -0.000000 0.000000 0.000000 -0.000000 -92.255694 -20.103398 -21.736634 27.328407 1.067766 -14.630239 -1.599029 0.880182 -1.003211 -0.000000 0.000000 0.000000 84.105762 27.304129 70.263203 49.565763 -48.872532 2.631847 -292.604370 -57.012686 12.899743 0.000000 0.000000 0.000000 23.367412 -1.310827 0.885689 -11.278425 11.256779 -1.243792 -32.178772 8.538667 91.690766 0.000000 0.000000 0.000000 -17.582722 2.493912 -0.061766 -20.626475 9.868061 2.502328 27.545739 17.977476 36.785606 -0.000000 0.000000 0.000000
0.000000 0.782808 0.000000 -0.194003 3.390928 0.005743 -0.000000 0.000000 -0.000000 -11.337304 37.624253 3.640316 0.000000 -0.000000 0.000000 0.000000 0.000000 0.000000 0.000000 0.000000 -0.000000 -87.758702 -21.254203 -23.602394 34.502898 -2.515960 -13.278082 5.688958 0.802072 -3.836972 -0.000000 0.000000 -0.000000 86.608794 23.040166 65.848704 45.632080 -43.921634 -1.940332 -290.542714 -55.788561 10.022102 0.000000 0.000000 -0.000000 22.212797 -0.513585 0.765449 -18.779212 11.356500 -0.762141 -34.687938 16.420467 94.533593 0.000000 0.000000 -0.000000 -13.274625 -3.137510 -0.764710 -31.199262 15.236722 6.241251 29.885093 29.318617 31.097331 0.000000 0.000000 0.000000
0.000000 0.793299 0.000000 0.501721 4.170758 -0.018269 0.000000 0.000000 0.000000 -12.442216 38.164778 3.737011 -0.000000 0.000000 -0.000000 0.000000 -0.000000 -0.000000 -0.000000 0.000000 0.000000 -86.504266 -20.840034 -25.923451 38.155463 -3.985978 -11.665752 6.561380 1.442103 -6.506811 0.000000 0.000000 0.000000 88.287000 18.224139 62.230535 40.692717 -37.614673 -5.968189 -284.971436 -61.492990 11.157433 0.000000 0.000000 -0.000000 19.829408 0.659786 0.611731 -23.144951 11.178739 -0.663864 -35.546568 19.750682 97.496038 0.000000 0.000000 -0.000000 -4.142906 -8.541111 -0.421793 -47.246878 18.639836 10.784502 38.253743 42.048145 15.754728 0.000000 0.000000 -0.000000
0.000000 0.799271 0.000000 1.041057 5.127502 -0.046615 0.000000 0.000000 -0.000000 -13.434348 37.947222 3.730754 -0.000000 0.000000 -0.000000 -0.000000 0.000000 0.000000 0.000000 0.000000 0.000000 -88.165180 -18.411828 -28.076514 34.577721 -3.612936 -8.497544 -5.372469 3.627903 -4.990852 0.000000 0.000000 -0.000000 89.402555 14.321336 59.371079 31.319283 -33.285627 -11.464876 -272.840126 -75.722845 16.726489 -0.000000 0.000000 0.000000 13.738937 2.385949 0.309694 -19.747966 9.911116 -0.852357 -36.964710 19.468717 100.994807 -0.000000 0.000000 0.000000 8.813145 -11.817815 1.411272 -65.719975 20.879799 15.160521 51.386011 51.315623 -4.534924 0.000000 0.000000 -0.000000
0.000000 0.800718 0.000000 1.308837 5.962166 -0.068163 -0.000000 -0.000000 -0.000000 -14.540125 37.873919 3.868434 0.000000 0.000000 0.000000 0.000000 0.000000 0.000000 0.000000 0.000000 0.000000 -86.081590 -17.932577 -30.112848 30.907427 -3.765403 -5.044792 -8.399469 3.598542 -3.338298 -0.000000 0.000000 0.000000 89.651891 11.236656 58.085914 22.400649 -26.482265 -13.554443 -116.835163 -52.580020 165.298591 0.000000 0.000000 0.000000 6.842092 3.876318 0.080996 -13.071911 8.353445 -0.768067 -36.116454 16.048056 103.517098 0.000000 0.000000 0.000000 18.218142 -9.989933 2.669089 -74.097166 19.883669 13.272169 55.952779 55.832313 -12.977085 -0.000000 0.000000 -0.000000
0.000000 0.801994 0.000000 1.548796 6.481606 -0.087703 0.000000 0.000000 0.000000 -15.690074 37.773240 4.048510 0.000000 0.000000 -0.000000 0.000000 -0.000000 0.000000 0.000000 0.000000 0.000000 -84.512459 -17.244320 -31.729966 22.273719 -3.276084 -1.791000 -17.457700 5.155195 -1.549279 -0.000000 0.000000 -0.000000 88.407197 10.134175 59.363381 15.610108 -21.616417 -13.718345 -102.512668 9.533023 161.855449 0.000000 0.000000 0.000000 1.306641 4.449905 -0.036837 -6.150213 6.623624 -0.399973 -35.549507 14.618161 103.487073 -0.000000 0.000000 0.000000 22.051913 -4.933530 2.293049 -71.707450 16.290052 6.652386 37.999572 59.682519 8.076652 -0.000000 0.000000 0.000000
0.000000 0.805129 0.000000 1.516804 6.903447 -0.091494 -0.000000 0.000000 -0.000000 -16.147045 38.158325 4.196618 -0.000000 0.000000 -0.000000 0.000000 -0.000000 -0.000000 -0.000000 0.000000 -0.000000 -80.947952 -18.694068 -33.075061 16.295289 -2.242093 -1.140211 -21.056702 6.016761 -1.594399 -0.000000 0.000000 -0.000000 85.240079 9.230240 62.846442 10.487201 -17.841600 -13.233759 -81.097807 39.975563 139.242553 -0.000000 0.000000 0.000000 -2.123743 3.188238 -0.111245 -3.656937 5.957091 -0.100481 -31.594985 14.025198 102.231383 0.000000 0.000000 0.000000 22.193896 -0.219309 1.405207 -61.500525 12.031570 0.737784 9.117662 39.814583 52.456690 -0.000000 0.000000 0.000000
0.000000 0.808415 0.000000 1.125668 7.086408 -0.069703 -0.000000 0.000000 -0.000000 -16.108195 39.206254 4.461449 0.000000 -0.000000 -0.000000 -0.000000 0.000000 -0.000000 0.000000 0.000000 -0.000000 -76.183123 -21.734661 -34.198971 13.144227 -0.813541 -2.205303 -25.926078 7.300763 -2.622061 0.000000 0.000000 -0.000000 81.434455 8.480167 67.624866 5.172554 -15.042186 -13.511895 -56.486325 45.141473 110.653242 -0.000000 0.000000 0.000000 -2.898006 0.604026 -0.170144 -6.088318 6.716311 0.053463 -27.685117 15.971088 100.894726 0.000000 0.000000 -0.000000 21.508285 3.307538 0.689527 -49.146986 7.382647 -2.592569 9.924421 8.939041 69.335922 -0.000000 0.000000 -0.000000
0.000000 0.811100 0.000000 -0.023593 7.456612 0.001537 -0.000000 0.000000 0.000000 -14.263581 40.148827 4.417051 0.000000 -0.000000 0.000000 -0.000000 0.000000 -0.000000 -0.000000 0.000000 0.000000 -72.341261 -25.342657 -34.461163 14.237808 0.356865 -4.749536 -19.075356 6.921425 -5.747600 0.000000 0.000000 0.000000 77.834952 6.785070 71.068052 1.042689 -13.108199 -14.324802 -39.669795 44.467505 93.386594 0.000000 0.000000 -0.000000 -2.585514 -2.372265 -0.222238 -9.490308 7.989454 0.426923 -24.236359 18.626731 99.457107 0.000000 0.000000 0.000000 23.340986 4.567908 0.600816 -38.110102 3.674069 -3.387172 6.130148 -0.642097 67.270539 -0.000000 0.000000 0.000000
0.000000 0.810965 0.000000 -1.391335 7.718826 0.093866 -0.000000 0.000000 -0.000000 -12.106777 40.714117 4.314497 -0.000000 0.000000 0.000000 -0.000000 0.000000 -0.000000 -0.000000 0.000000 -0.000000 -69.451134 -28.495402 -33.800572 17.496551 -0.124490 -5.622811 -7.730214 4.304492 -6.417461 0.000000 0.000000 -0.000000 75.453747 4.514251 72.237099 -2.284605 -12.428672 -16.337651 -33.272587 42.110335 88.822814 -0.000000 0.000000 -0.000000 -3.802158 -4.369652 -0.453594 -8.944745 9.082695 0.867704 -24.056827 20.557317 99.920655 0.000000 0.000000 -0.000000 26.889521 3.509603 1.050599 -29.574134 4.566538 -2.594212 -0.705216 -7.113949 65.764683 0.000000 0.000000 0.000000
0.000000 0.807841 0.000000 -2.501043 7.814110 0.170840 0.000000 0.000000 0.000000 -10.838280 41.094092 4.384240 0.000000 0.000000 0.000000 -0.000000 0.000000 0.000000 -0.000000 0.000000 0.000000 -67.393421 -31.434694 -32.102554 21.575586 -1.363556 -5.744395 4.268109 1.048223 -4.590773 -0.000000 0.000000 -0.000000 74.118768 0.740843 71.055397 -2.319841 -11.495211 -16.316723 -33.671719 38.960634 90.490779 -0.000000 0.000000 -0.000000 -5.295863 -5.066302 -0.705296 -8.343107 9.914816 1.209931 -21.905968 18.620841 102.380440 -0.000000 0.000000 -0.000000 28.732412 3.535818 1.172316 -20.535231 3.673071 -2.119948 -5.683781 -14.365501 64.441546 0.000000 0.000000 -0.000000
0.000000 0.801302 0.000000 -3.088322 7.984840 0.215598 0.000000 0.000000 -0.000000 -10.162927 41.163743 4.392600 -0.000000 0.000000 -0.000000 0.000000 -0.000000 0.000000 0.000000 0.000000 -0.000000 -65.549223 -34.164443 -29.822573 24.930658 -2.754517 -5.410787 10.851470 -0.257225 -5.577167 0.000000 0.000000 -0.000000 72.782629 -3.514893 69.063996 -0.616224 -10.589543 -15.231592 -34.980019 35.658264 91.863382 -0.000000 0.000000 -0.000000 -6.397863 -5.146250 -0.871836 -10.151032 10.338573 1.544213 -19.840199 18.036528 104.376628 -0.000000 0.000000 -0.000000 29.316257 2.535228 1.489999 -14.395893 2.905526 -1.554997 -8.218880 -18.914881 62.907159 -0.000000 0.000000 0.000000
0.000000 0.791317 0.000000 -3.266679 8.304711 0.237223 0.000000 -0.000000 -0.000000 -10.116532 41.049341 4.405933 -0.000000 0.000000 0.000000 -0.000000 -0.000000 -0.000000 0.000000 0.000000 0.000000 -63.644803 -36.841366 -27.216525 26.825321 -3.622906 -6.177909 14.409280 -1.285637 -5.734050 -0.000000 0.000000 0.000000 71.832838 -6.461119 67.760546 0.572483 -9.999513 -14.529090 -32.031923 34.518811 88.592240 0.000000 0.000000 0.000000 -7.500294 -4.571628 -0.974251 -13.351421 10.671015 1.854238 -20.670291 19.592061 106.897325 0.000000 0.000000 -0.000000 29.370713 2.168403 1.664976 -12.141243 2.659221 -1.377472 -7.598238 -23.082234 62.890915 0.000000 0.000000 0.000000
0.000000 0.778605 0.000000 -3.175647 8.594740 0.238692 0.000000 0.000000 0.000000 -10.085013 40.895158 4.316658 0.000000 -0.000000 0.000000 -0.000000 0.000000 0.000000 0.000000 0.000000 -0.000000 -62.391319 -38.881435 -24.845562 27.662879 -4.117467 -7.588267 16.467183 -1.925521 -5.623983 -0.000000 0.000000 0.000000 71.243824 -7.994326 67.044378 1.048577 -9.555497 -14.031391 -32.182001 32.246480 86.457584 -0.000000 0.000000 0.000000 -8.342899 -2.651759 -0.895277 -17.472509 10.370784 1.778073 -29.984297 27.733546 109.675424 -0.000000 0.000000 -0.000000 28.712009 3.080154 1.494334 -13.243726 2.480246 -1.556074 -5.312393 -24.871272 63.555484 0.000000 0.000000 -0.000000
0.000000 0.762027 0.000000 -3.050006 8.907969 0.237632 0.000000 0.000000 0.000000 -10.197392 40.736389 4.256053 -0.000000 0.000000 -0.000000 -0.000000 0.000000 -0.000000 -0.000000 0.000000 0.000000 -62.375248 -39.824008 -23.688258 27.470517 -4.030384 -9.443906 17.959911 -2.211833 -5.003830 -0.000000 0.000000 0.000000 71.723885 -7.967604 66.761965 0.567626 -9.198089 -13.777114 -31.828803 32.084508 86.074406 -0.000000 0.000000 0.000000 -9.230146 -0.367678 -0.761871 -22.296032 9.672075 1.317562 -41.170323 40.056033 111.221779 -0.000000 0.000000 0.000000 27.527381 5.018713 1.087358 -15.542096 2.712440 -2.040693 -4.041203 -23.907867 63.768428 0.000000 0.000000 -0.000000
0.000000 0.745853 0.000000 -2.615615 9.151220 0.209363 0.000000 0.000000 0.000000 -10.978463 40.367275 4.254489 0.000000 -0.000000 0.000000 0.000000 0.000000 0.000000 -0.000000 0.000000 -0.000000 -62.444467 -39.749264 -23.559326 27.177950 -3.927251 -9.594189 20.907386 -2.733609 -5.185338 -0.000000 0.000000 -0.000000 73.114560 -6.332529 66.901984 -0.167444 -9.309838 -13.943914 -35.492947 31.292594 88.901476 0.000000 0.000000 -0.000000 -9.240815 1.754793 -0.561609 -28.775207 8.665287 0.348529 -56.981632 58.399867 114.796465 -0.000000 0.000000 0.000000 26.482374 8.218034 0.408869 -18.591964 3.800917 -2.947605 -3.778561 -22.723588 63.723262 0.000000 0.000000 0.000000
0.000000 0.732492 0.000000 -1.956588 9.319872 0.159499 -0.000000 0.000000 -0.000000 -11.596010 39.513308 4.052634 -0.000000 0.000000 -0.000000 0.000000 -0.000000 0.000000 0.000000 0.000000 -0.000000 -62.884398 -38.782553 -23.528116 27.073051 -3.968765 -8.680908 17.664220 -2.108262 -5.965678 -0.000000 0.000000 -0.000000 74.198199 -4.133109 66.865007 -0.327451 -9.858524 -14.229121 -37.624879 32.745371 91.670729 -0.000000 0.000000 0.000000 -8.419286 3.019951 -0.415539 -35.502012 7.018836 -1.105486 -85.035418 77.433263 132.058077 -0.000000 0.000000 -0.000000 25.631855 11.187698 -0.238326 -21.950533 5.358984 -3.992116 -4.474103 -19.913513 62.414326 0.000000 0.000000 -0.000000
0.000000 0.723913 0.000000 -1.075994 9.453740 0.088973 0.000000 0.000000 -0.000000 -12.099853 38.409900 3.707658 -0.000000 0.000000 0.000000 0.000000 -0.000000 -0.000000 0.000000 0.000000 0.000000 -65.585811 -36.375443 -24.322211 28.156981 -4.139360 -8.074187 8.782354 -0.025639 -6.977028 0.000000 0.000000 -0.000000 75.174285 -1.954369 66.328477 0.804738 -10.604851 -13.935457 -38.328022 37.757504 96.024546 -0.000000 0.000000 -0.000000 -6.085575 2.518934 -0.347104 -43.519579 6.058983 -2.049585 -167.953581 82.998399 209.917422 0.000000 0.000000 -0.000000 24.902829 12.158105 -0.491828 -26.909130 6.586538 -4.887628 -4.165767 -12.732942 58.482411 0.000000 0.000000 0.000000
0.000000 0.722124 0.000000 -0.174971 9.533818 0.014591 -0.000000 0.000000 -0.000000 -12.706130 37.339721 3.401234 -0.000000 0.000000 -0.000000 -0.000000 0.000000 -0.000000 -0.000000 0.000000 -0.000000 -70.109949 -32.732005 -25.871461 29.168458 -3.798146 -8.565768 0.002825 1.702443 -5.360266 0.000000 0.000000 0.000000 76.339306 0.398420 65.798174 4.293889 -11.476443 -12.362865 -42.303258 43.153123 101.423040 0.000000 0.000000 0.000000 -3.301564 2.620819 -0.196261 -48.863524 7.685272 -1.846371 -211.314349 79.960196 250.152397 -0.000000 0.000000 0.000000 23.008265 12.283537 -0.550841 -30.407015 7.286282 -5.308445 -2.149565 -7.318128 56.157398 -0.000000 0.000000 -0.000000
0.000000 0.726866 0.000000 0.406570 9.517000 -0.033844 0.000000 0.000000 0.000000 -12.970569 36.552360 3.169389 0.000000 -0.000000 -0.000000 -0.000000 0.000000 0.000000 -0.000000 0.000000 -0.000000 -75.007260 -28.605477 -27.592227 28.354341 -2.574210 -9.492912 -9.187697 2.807197 -3.065518 0.000000 0.000000 0.000000 77.228639 3.062073 66.035723 9.013232 -12.767349 -10.517000 -49.178035 47.136443 106.031556 0.000000 0.000000 -0.000000 1.201877 3.544769 0.050499 -52.932894 9.765922 -1.800316 -220.571752 79.795159 257.967445 -0.000000 0.000000 -0.000000 20.416426 11.772765 -0.455551 -32.161289 7.349948 -5.260884 1.886430 -5.712919 53.475150 -0.000000 0.000000 -0.000000
0.000000 0.736835 0.000000 0.849176 9.319957 -0.069219 -0.000000 0.000000 -0.000000 -14.079278 36.444575 3.312338 -0.000000 0.000000 -0.000000 -0.000000 -0.000000 -0.000000 0.000000 0.000000 0.000000 -80.012410 -23.568395 -30.165396 26.858176 -1.019367 -9.699244 -11.504550 2.495380 -1.578040 0.000000 0.000000 0.000000 80.087921 6.248628 65.786673 14.220923 -14.698732 -9.058204 -56.054157 52.591982 109.627847 0.000000 0.000000 -0.000000 6.268020 3.733691 0.280313 -55.921126 12.775261 -0.928305 -214.787446 84.093241 252.555573 -0.000000 0.000000 0.000000 16.317359 10.130944 -0.193411 -30.662054 7.069496 -4.396230 5.484360 -6.491045 52.245297 -0.000000 0.000000 -0.000000
0.000000 0.749680 0.000000 1.116549 9.001689 -0.087894 0.000000 0.000000 -0.000000 -15.328461 36.454786 3.585944 -0.000000 0.000000 -0.000000 0.000000 -0.000000 -0.000000 0.000000 0.000000 -0.000000 -82.148112 -19.720449 -32.125075 24.129517 0.425141 -9.102679 -9.898876 0.775692 0.562773 0.000000 0.000000 -0.000000 84.055827 9.628899 64.649753 19.040003 -16.859085 -8.045487 -83.908645 45.114801 133.387345 0.000000 0.000000 -0.000000 12.001270 2.764604 0.632661 -57.611980 15.679925 0.371066 -77.880175 83.496923 118.799545 -0.000000 0.000000 -0.000000 10.507821 8.138159 0.000998 -25.059331 7.221835 -2.936423 7.187388 -8.737712 51.281791 -0.000000 0.000000 0.000000
0.000000 0.760414 0.000000 1.202996 8.133924 -0.085538 0.000000 0.000000 -0.000000 -16.103933 36.458076 3.875587 0.000000 -0.000000 -0.000000 -0.000000 0.000000 -0.000000 0.000000 0.000000 -0.000000 -84.054417 -16.812876 -32.520279 21.048246 1.666291 -8.722393 -8.002649 -0.528207 1.853713 -0.000000 0.000000 0.000000 88.934676 13.736893 62.374469 21.356319 -20.191428 -8.677570 -109.006965 13.833498 153.703009 -0.000000 0.000000 0.000000 17.450893 1.830878 0.953044 -56.366387 17.058530 1.015465 -57.391559 66.425650 104.108688 0.000000 0.000000 -0.000000 4.375017 6.672614 -0.013752 -18.035134 7.525851 -1.538111 6.929457 -9.271012 51.120155 -0.000000 0.000000 -0.000000
0.000000 0.771307 0.000000 1.187183 7.156836 -0.074245 -0.000000 -0.000000 -0.000000 -16.300574 36.810703 4.119012 -0.000000 0.000000 0.000000 0.000000 0.000000 -0.000000 0.000000 0.000000 -0.000000 -85.580171 -15.769617 -31.945157 25.256870 1.106121 -9.517860 -2.878370 -1.291806 2.408432 0.000000 0.000000 0.000000 93.289408 16.599300 59.716274 24.319298 -23.846183 -9.143808 -128.370693 -45.007145 154.618322 0.000000 0.000000 -0.000000 21.876129 0.647486 1.256153 -52.732563 16.506602 0.988695 -44.360167 46.692172 100.483021 -0.000000 0.000000 0.000000 -1.940029 5.449107 -0.085532 -11.570741 7.018976 -0.526635 6.488641 -6.517773 50.426436 -0.000000 0.000000 -0.000000
0.000000 0.774510 0.000000 1.276858 5.946384 -0.066321 -0.000000 0.000000 0.000000 -16.766688 36.973020 4.410263 0.000000 0.000000 0.000000 -0.000000 0.000000 0.000000 -0.000000 0.000000 0.000000 -87.468737 -16.207274 -29.694182 30.484646 0.843608 -12.449826 -1.433045 -1.019004 1.929578 0.000000 0.000000 -0.000000 96.533618 19.901628 58.237278 28.389784 -27.443040 -8.238824 -204.097537 -77.146607 84.863800 0.000000 0.000000 -0.000000 23.069039 0.490863 1.111881 -41.041359 15.397408 0.111910 -35.176983 28.352160 96.809687 0.000000 0.000000 0.000000 -6.842201 5.046151 -0.110278 -7.685289 6.311310 -0.006328 6.610891 -2.759271 50.158038 -0.000000 0.000000 -0.000000
0.000000 0.772816 0.000000 1.351744 4.736696 -0.055909 0.000000 0.000000 0.000000 -16.843103 36.741429 4.536164 0.000000 0.000000 0.000000 0.000000 -0.000000 0.000000 -0.000000 0.000000 -0.000000 -90.293303 -18.640873 -25.358760 33.363452 1.246764 -17.390385 -5.113275 -0.570029 1.699306 -0.000000 0.000000 -0.000000 97.515846 24.892156 59.490698 33.599542 -31.621547 -5.291860 -259.732906 -69.228315 35.838924 -0.000000 0.000000 0.000000 23.120428 1.482846 0.650680 -25.938926 12.699577 -1.186685 -31.220240 13.551063 93.778424 0.000000 0.000000 0.000000 -10.175847 6.222095 0.059223 -6.964649 5.280945 0.062807 8.050785 0.490598 50.389720 0.000000 0.000000 -0.000000
0.000000 0.771080 0.000000 1.019931 3.896017 -0.034691 0.000000 0.000000 0.000000 -16.577612 36.973963 4.718026 0.000000 0.000000 0.000000 0.000000 0.000000 -0.000000 0.000000 0.000000 -0.000000 -92.157152 -20.261092 -22.975532 33.402503 1.808856 -19.898343 -6.388687 0.520666 0.239396 0.000000 0.000000 0.000000 97.164996 29.641477 62.377917 37.772126 -44.194280 -4.804756 -289.114473 -60.633975 11.923559 0.000000 0.000000 -0.000000 22.388781 2.244293 0.307974 -18.379142 10.770662 -1.438648 -31.794959 10.199075 92.233246 0.000000 0.000000 0.000000 -8.935914 8.167498 0.262429 -10.070875 4.778518 -0.318917 9.801625 1.412150 49.404737 0.000000 0.000000 -0.000000
0.000000 0.772833 0.000000 0.346866 3.007428 -0.009106 0.000000 0.000000 -0.000000 -15.610048 36.775074 4.730432 0.000000 -0.000000 -0.000000 0.000000 0.000000 0.000000 0.000000 0.000000 0.000000 -94.576555 -20.441302 -21.023101 31.582856 2.899911 -20.423975 -6.578507 0.045514 1.062746 0.000000 0.000000 0.000000 96.965261 32.421632 63.412628 21.699045 -78.121484 -28.472667 -308.641566 -12.846014 -22.438991 -0.000000 0.000000 0.000000 23.761867 3.211839 -0.052821 -8.564420 10.515101 -1.911177 -34.316580 2.573438 91.064429 -0.000000 0.000000 0.000000 -8.105380 10.568127 0.506822 -16.245391 4.787506 -0.957872 15.940161 1.269205 47.102972 0.000000 0.000000 0.000000
0.000000 0.779233 0.000000 -0.533636 1.964327 0.009149 -0.000000 0.000000 0.000000 -14.795969 37.048991 4.937415 0.000000 0.000000 0.000000 0.000000 -0.000000 -0.000000 0.000000 0.000000 0.000000 -96.059407 -18.778237 -21.011321 23.820597 6.307648 -18.227544 -5.319008 -3.510914 4.995408 0.000000 0.000000 0.000000 98.371238 33.390580 62.215759 -108.643853 -50.327446 -164.812460 -280.933147 30.012781 -69.847712 0.000000 0.000000 -0.000000 19.454269 4.243334 -0.371135 -11.098089 8.764641 -1.205515 -27.867597 3.390744 96.759424 -0.000000 0.000000 -0.000000 0.938483 13.892389 -0.033323 -19.049011 5.221059 -1.829761 12.021281 -6.573303 55.042562 0.000000 0.000000 0.000000
0.000000 0.791270 0.000000 -1.332714 1.431661 0.016652 0.000000 -0.000000 0.000000 -13.876337 37.796234 5.081333 -0.000000 0.000000 -0.000000 0.000000 0.000000 0.000000 0.000000 0.000000 -0.000000 -97.644016 -16.019104 -22.554723 19.162175 7.210516 -15.221552 -5.032685 -5.721676 6.794313 -0.000000 0.000000 -0.000000 99.329594 31.422904 60.113574 -107.162906 -20.734566 -165.866938 -249.462248 26.008044 -111.179681 -0.000000 0.000000 0.000000 15.680979 4.513472 -0.371732 -13.886601 6.051893 -0.745267 -25.416601 8.966457 101.551273 0.000000 0.000000 -0.000000 4.279277 15.696063 -0.353396 -19.538652 5.209440 -2.212541 12.558699 -13.044341 59.633055 0.000000 0.000000 0.000000
0.000000 0.801429 0.000000 -1.448860 1.239063 0.015668 -0.000000 0.000000 0.000000 -14.168613 38.338383 5.324939 -0.000000 0.000000 -0.000000 0.000000 -0.000000 -0.000000 -0.000000 0.000000 0.000000 -98.563204 -12.741404 -24.610422 15.561012 7.204668 -12.246498 -9.976139 -6.035094 6.586007 0.000000 0.000000 -0.000000 100.056060 29.423723 58.618627 -105.282324 -14.610590 -164.982886 -246.555018 21.463490 -118.487261 -0.000000 0.000000 0.000000 12.746991 4.400154 -0.297352 -12.976903 3.198091 -0.591679 -28.416940 15.774322 103.208262 -0.000000 0.000000 0.000000 2.471460 16.372855 -0.120602 -20.337548 4.233142 -2.471801 15.754902 -13.129348 60.003360 0.000000 0.000000 -0.000000
0.000000 0.809936 0.000000 -0.850891 1.035401 0.007689 -0.000000 0.000000 0.000000 -14.227088 38.554175 5.187616 -0.000000 0.000000 -0.000000 -0.000000 0.000000 -0.000000 -0.000000 0.000000 0.000000 -99.854050 -11.964044 -24.623405 13.536192 8.391929 -12.208563 -15.729384 -5.937932 6.220630 0.000000 0.000000 -0.000000 99.005305 29.149016 59.096341 -105.877714 -24.884473 -167.307141 -258.952908 27.302151 -104.796645 0.000000 0.000000 0.000000 12.562734 3.419680 -0.237016 -10.628593 2.261948 -0.434530 -30.953782 19.221057 99.667481 -0.000000 0.000000 -0.000000 -4.152584 13.974212 0.576671 -21.197229 4.199441 -1.886371 18.563589 -3.145629 56.510814 0.000000 0.000000 -0.000000
0.000000 0.810133 0.000000 0.111952 0.835061 -0.000816 0.000000 0.000000 0.000000 -13.338137 38.579852 4.561400 0.000000 0.000000 0.000000 0.000000 0.000000 0.000000 0.000000 0.000000 0.000000 -100.917355 -12.220544 -23.936162 12.288780 8.665240 -12.046425 -19.333623 -3.702146 4.801620 0.000000 0.000000 0.000000 95.214796 29.513866 61.652599 -108.036132 -49.883464 -169.348104 -284.348240 26.877098 -70.551574 -0.000000 0.000000 -0.000000 15.011420 2.388795 -0.207146 -13.922575 3.005289 -0.422545 -34.959627 23.646064 98.801065 0.000000 0.000000 0.000000 -11.553320 9.371313 0.856921 -22.371411 7.377670 0.160546 21.673449 11.324406 46.076618 0.000000 0.000000 -0.000000
0.000000 0.806664 0.000000 1.335519 0.786993 -0.009173 -0.000000 0.000000 -0.000000 -13.039094 39.535666 4.139410 -0.000000 0.000000 0.000000 0.000000 0.000000 0.000000 -0.000000 0.000000 -0.000000 -99.598457 -13.200005 -24.642131 18.783734 7.150316 -14.423577 -24.839750 -0.155120 2.768168 0.000000 0.000000 -0.000000 92.068855 28.347952 63.523663 -105.245184 -72.188438 -165.137514 -298.017651 16.277066 -47.481021 -0.000000 0.000000 -0.000000 19.784033 1.328101 -0.110062 -14.524783 6.891598 -0.664402 -39.822968 21.853840 96.780152 -0.000000 0.000000 -0.000000 -16.220559 1.864022 0.131557 -30.763025 13.309933 4.876571 30.956147 34.104213 28.157801 -0.000000 0.000000 0.000000
0.000000 0.802869 0.000000 2.339823 0.704914 -0.014396 -0.000000 -0.000000 -0.000000 -13.608383 41.490574 4.206016 -0.000000 0.000000 -0.000000 -0.000000 0.000000 -0.000000 0.000000 0.000000 -0.000000 -96.472186 -15.091305 -26.401529 29.507895 3.698875 -17.458051 -21.300472 -0.489965 2.687930 -0.000000 0.000000 0.000000 89.443713 25.314861 65.035920 42.767974 -77.711176 -14.461348 -307.962459 -10.363752 -23.236039 -0.000000 0.000000 -0.000000 18.956261 -0.365422 0.186839 -26.221909 9.009467 0.319894 -36.750417 28.074458 98.675994 0.000000 0.000000 -0.000000 -6.714673 -4.797503 -0.224621 -46.543404 19.135876 10.888317 28.107939 45.562871 32.157918 0.000000 0.000000 0.000000
0.000000 0.800121 0.000000 3.012140 1.241588 -0.032645 -0.000000 0.000000 -0.000000 -14.532766 42.798369 4.388658 0.000000 0.000000 -0.000000 -0.000000 0.000000 0.000000 0.000000 0.000000 0.000000 -92.134287 -16.718278 -28.925250 38.280140 -0.655915 -16.679166 4.990633 1.304506 -3.889456 -0.000000 0.000000 -0.000000 87.953131 20.579863 64.921316 49.723024 -52.101377 -4.130608 -302.617921 -42.452794 -4.541605 0.000000 0.000000 0.000000 15.372519 -0.976039 0.326205 -26.315169 10.674133 0.693311 -35.208044 25.660458 101.965430 0.000000 0.000000 -0.000000 4.341304 -9.399106 0.651860 -63.765500 21.199648 16.111652 29.846671 56.107557 28.774786 0.000000 0.000000 -0.000000
0.000000 0.799318 0.000000 3.483438 2.175942 -0.066174 -0.000000 0.000000 -0.000000 -16.040121 43.003355 4.693823 0.000000 0.000000 0.000000 -0.000000 0.000000 -0.000000 0.000000 0.000000 -0.000000 -87.834393 -17.107006 -31.716922 42.015830 -3.264947 -11.925569 22.805303 -0.382622 -8.274019 0.000000 0.000000 0.000000 87.497676 16.248305 64.064377 45.633357 -37.141813 -4.194983 -285.686653 -60.489729 11.613996 -0.000000 0.000000 -0.000000 10.184621 0.557057 0.127890 -21.182184 10.661387 0.203641 -36.572887 21.017681 107.045259 0.000000 0.000000 -0.000000 15.523714 -9.630703 1.910829 -77.061627 20.224446 16.555810 36.530103 65.265850 17.411204 -0.000000 0.000000 0.000000
0.000000 0.801983 0.000000 3.221523 3.293192 -0.092632 -0.000000 -0.000000 -0.000000 -17.086641 43.100998 5.064558 0.000000 0.000000 -0.000000 -0.000000 0.000000 0.000000 0.000000 0.000000 -0.000000 -83.353135 -17.510942 -34.810881 38.072311 -2.386691 -9.000798 21.382652 -0.171439 -7.245126 0.000000 0.000000 0.000000 86.509268 13.938326 65.331265 37.818803 -28.096814 -5.094572 -188.762756 -75.484498 103.214294 0.000000 0.000000 -0.000000 6.811367 0.566614 0.146814 -17.916762 10.550931 0.129441 -34.743142 16.767936 110.308242 -0.000000 0.000000 0.000000 24.684748 -8.820846 2.914420 -82.284984 18.866590 14.135267 22.656782 62.405177 34.422572 -0.000000 0.000000 -0.000000
0.000000 0.803338 0.000000 2.630863 4.334165 -0.099571 -0.000000 -0.000000 0.000000 -16.601077 42.612587 4.915691 -0.000000 0.000000 -0.000000 -0.000000 0.000000 0.000000 0.000000 0.000000 -0.000000 -81.636799 -17.157403 -36.550794 29.759754 -0.950271 -6.874012 6.732325 1.230654 -4.225394 -0.000000 0.000000 -0.000000 83.962815 11.966553 67.197558 32.266017 -21.864501 -4.477131 -137.177527 -48.026008 146.569243 0.000000 0.000000 0.000000 4.100099 0.095616 0.149811 -14.866070 9.654612 0.114933 -31.712307 13.766347 112.263663 -0.000000 0.000000 -0.000000 28.541410 -6.612427 2.949158 -75.758289 17.886487 9.340760 13.009402 46.235803 47.863489 0.000000 0.000000 0.000000
0.000000 0.806471 0.000000 1.649523 5.730108 -0.082558 0.000000 0.000000 0.000000 -15.779230 43.149610 4.918193 -0.000000 0.000000 -0.000000 0.000000 0.000000 0.000000 -0.000000 0.000000 0.000000 -78.168875 -18.984309 -39.283063 29.107827 -0.295182 -7.180779 5.429829 2.757334 -7.535024 -0.000000 0.000000 -0.000000 81.098016 8.948126 70.074525 29.491573 -14.819854 -1.565048 -122.203580 -13.765248 146.991073 -0.000000 0.000000 0.000000 2.516174 -2.420206 0.213730 -14.352487 9.825067 0.465092 -30.525866 15.884469 111.097628 0.000000 0.000000 0.000000 30.316209 -5.760409 3.202164 -64.479501 16.502702 5.355721 8.154129 27.348868 55.747203 0.000000 0.000000 0.000000
0.000000 0.809754 0.000000 0.238817 6.583415 -0.013735 -0.000000 -0.000000 0.000000 -14.110490 43.805086 4.899690 -0.000000 0.000000 -0.000000 0.000000 -0.000000 -0.000000 -0.000000 0.000000 -0.000000 -76.681276 -21.568668 -39.982316 35.302046 -0.980300 -9.275023 21.493377 0.431878 -7.807085 -0.000000 0.000000 0.000000 78.041717 4.782988 71.768047 29.578943 -10.543298 1.114482 -112.379293 6.416546 141.603450 -0.000000 0.000000 0.000000 2.548242 -5.670350 0.283796 -16.826757 10.219389 1.130122 -26.969467 20.533186 106.366296 -0.000000 0.000000 -0.000000 30.922915 -3.972440 2.925670 -51.410852 13.448207 1.659596 3.966367 11.249129 63.040938 0.000000 0.000000 0.000000
0.000000 0.811611 0.000000 -1.303513 7.252790 0.082617 0.000000 -0.000000 -0.000000 -11.873070 43.794763 4.678207 0.000000 0.000000 0.000000 0.000000 -0.000000 -0.000000 -0.000000 0.000000 -0.000000 -73.944268 -25.763435 -38.650850 42.076814 -2.873343 -10.590159 37.690382 -2.109120 -8.407586 -0.000000 0.000000 0.000000 75.395787 -0.173594 71.187648 30.732638 -8.135969 2.737595 -108.549399 7.874551 137.972304 -0.000000 0.000000 0.000000 -0.583782 -7.647484 -0.162120 -12.407620 10.738489 1.391593 -23.967824 19.471627 105.336565 -0.000000 0.000000 0.000000 31.942397 -2.460816 2.742164 -38.888208 9.254189 -0.628088 -0.816701 1.701393 64.697907 0.000000 0.000000 -0.000000
0.000000 0.811792 0.000000 -2.629778 7.181380 0.165051 -0.000000 0.000000 0.000000 -10.237410 43.364197 4.600125 -0.000000 0.000000 0.000000 -0.000000 -0.000000 -0.000000 -0.000000 0.000000 -0.000000 -71.216788 -30.193926 -34.663749 46.053896 -5.550455 -9.742086 39.268023 -4.530785 -10.083719 0.000000 0.000000 0.000000 72.566842 -4.585372 69.780985 33.248656 -10.199650 1.609863 -110.074170 -2.788389 138.580229 0.000000 0.000000 0.000000 -3.617068 -7.679707 -0.643612 -7.252359 9.984909 1.212690 -20.958416 17.184636 105.388122 0.000000 0.000000 -0.000000 33.217167 -1.333547 2.494034 -28.668470 5.550071 -1.322743 -4.474700 -6.249603 65.252993 0.000000 0.000000 0.000000
0.000000 0.810557 0.000000 -3.839850 6.856578 0.230118 -0.000000 0.000000 -0.000000 -9.779636 43.847746 5.030918 0.000000 -0.000000 -0.000000 -0.000000 0.000000 -0.000000 -0.000000 0.000000 -0.000000 -65.904871 -35.822281 -30.422555 45.028181 -6.919503 -9.594201 35.832264 -5.678293 -11.721063 0.000000 0.000000 0.000000 70.277805 -8.990374 68.974617 36.352560 -12.323186 0.507476 -107.465227 -3.881294 137.780657 0.000000 0.000000 0.000000 -5.452763 -8.317897 -0.999588 -5.394867 8.499778 1.161450 -16.776640 17.495364 104.663144 0.000000 0.000000 0.000000 34.880594 -1.351743 2.510010 -21.184728 3.271518 -1.129053 -6.179406 -13.449014 66.428457 0.000000 0.000000 -0.000000
0.000000 0.810084 0.000000 -4.508428 6.394136 0.251958 0.000000 0.000000 0.000000 -9.365624 44.578755 5.300698 0.000000 -0.000000 -0.000000 0.000000 0.000000 0.000000 0.000000 0.000000 -0.000000 -60.801391 -40.731345 -25.633215 42.608519 -7.875038 -9.271148 33.828399 -7.133219 -13.961175 0.000000 0.000000 -0.000000 68.252786 -13.438524 67.215981 40.893375 -12.156284 1.301482 -106.216013 -2.757953 136.554121 -0.000000 0.000000 -0.000000 -6.740504 -8.546950 -1.215483 -6.549522 7.317485 1.267634 -14.629463 20.009303 104.820474 0.000000 0.000000 -0.000000 35.553716 -1.215522 2.365908 -18.107919 2.172133 -0.927717 -5.729702 -17.495567 66.363452 -0.000000 0.000000 -0.000000
0.000000 0.810216 0.000000 -4.606994 5.945006 0.239354 -0.000000 0.000000 0.000000 -9.877016 45.449868 5.696574 -0.000000 0.000000 0.000000 -0.000000 0.000000 -0.000000 0.000000 0.000000 -0.000000 -57.040278 -44.376843 -21.451873 40.477667 -8.600178 -9.723254 31.996803 -7.936521 -15.240031 0.000000 0.000000 -0.000000 67.675924 -16.383655 65.612015 44.886345 -10.270074 3.135588 -103.562643 4.606452 136.256092 -0.000000 0.000000 0.000000 -7.022259 -9.371116 -1.316311 -10.912705 6.134917 1.554789 -20.556238 30.046773 106.455386 -0.000000 0.000000 0.000000 34.457842 -0.908536 2.066718 -18.643053 3.114902 -1.004048 -2.653066 -20.457320 65.979083 0.000000 0.000000 0.000000
0.000000 0.805521 0.000000 -4.319107 5.769720 0.217755 0.000000 0.000000 0.000000 -10.927053 45.903245 6.059388 0.000000 -0.000000 -0.000000 0.000000 0.000000 0.000000 0.000000 0.000000 0.000000 -56.580186 -46.743673 -17.901627 40.416460 -10.086881 -12.606498 28.212420 -7.169852 -14.465250 -0.000000 0.000000 -0.000000 68.893716 -17.256921 64.123914 48.001850 -8.497946 4.272930 -103.683131 8.868060 138.206013 0.000000 0.000000 0.000000 -6.581582 -10.275309 -1.309265 -18.485351 5.189714 2.112675 -33.727429 46.090648 109.182310 0.000000 0.000000 -0.000000 31.535921 1.167419 1.333593 -18.247314 4.705951 -1.392320 -2.165198 -21.331345 66.251094 -0.000000 0.000000 -0.000000
0.000000 0.798020 0.000000 -3.499827 6.073488 0.185726 -0.000000 0.000000 -0.000000 -11.910742 45.466739 5.983385 0.000000 0.000000 -0.000000 0.000000 0.000000 0.000000 0.000000 0.000000 -0.000000 -56.537934 -47.393504 -16.375654 39.370483 -10.227167 -14.675854 27.251686 -6.447205 -13.234988 -0.000000 0.000000 0.000000 71.352889 -15.831942 62.853562 48.527698 -7.042088 4.434960 -106.121394 8.553105 141.128314 -0.000000 0.000000 0.000000 -6.739900 -11.221039 -1.359402 -24.962159 5.204012 2.823690 -59.821776 65.456041 118.296767 0.000000 0.000000 -0.000000 27.632323 3.928793 0.645911 -18.371140 5.566512 -1.834181 -2.610640 -19.835390 65.095901 0.000000 0.000000 0.000000
0.000000 0.790356 0.000000 -2.114775 6.717650 0.124130 -0.000000 0.000000 -0.000000 -13.704551 44.464686 5.829578 0.000000 -0.000000 0.000000 -0.000000 0.000000 -0.000000 -0.000000 0.000000 0.000000 -56.677309 -46.962782 -16.474821 38.793554 -9.837058 -15.066846 23.445255 -4.977729 -11.884328 -0.000000 0.000000 0.000000 74.619568 -12.505959 62.627911 46.692531 -7.810721 3.042328 -109.245328 4.008599 145.099560 -0.000000 0.000000 0.000000 -6.607750 -12.702561 -1.351818 -31.873850 5.859474 3.920985 -114.168654 80.302705 157.867533 -0.000000 0.000000 -0.000000 23.169050 6.237224 0.213980 -18.586329 5.680553 -2.198094 -4.918660 -14.016865 62.979924 0.000000 0.000000 -0.000000
0.000000 0.782070 0.000000 -0.444372 7.408036 0.028768 -0.000000 0.000000 0.000000 -15.868847 43.158745 5.599872 -0.000000 0.000000 -0.000000 0.000000 0.000000 0.000000 -0.000000 0.000000 0.000000 -57.939461 -45.345760 -17.998171 39.430212 -9.363054 -15.427396 18.859374 -3.198722 -9.421565 -0.000000 0.000000 -0.000000 77.957244 -8.437084 62.608142 45.051423 -8.852547 1.961911 -112.773386 0.485127 146.989822 -0.000000 0.000000 0.000000 -6.358071 -11.528779 -1.092265 -38.573944 7.607397 4.655909 -192.831450 80.428761 228.729379 0.000000 0.000000 -0.000000 19.604029 7.518911 0.009895 -20.543345 5.635886 -2.593699 -6.316350 -6.414492 60.430196 0.000000 0.000000 -0.000000
0.000000 0.774351 0.000000 1.097131 8.027068 -0.076982 0.000000 0.000000 0.000000 -17.444191 41.651530 5.165146 0.000000 -0.000000 0.000000 -0.000000 0.000000 -0.000000 0.000000 0.000000 -0.000000 -59.411350 -42.551616 -20.563173 38.735506 -7.756472 -15.345807 13.167888 -1.408808 -7.363593 -0.000000 0.000000 0.000000 80.426046 -4.269809 62.798928 44.219368 -10.089590 1.481069 -116.437550 -0.439649 147.535456 0.000000 0.000000 -0.000000 -7.411567 -7.616358 -0.937180 -41.836934 10.113206 4.384992 -215.531627 78.855787 249.871382 -0.000000 0.000000 0.000000 17.570696 7.644973 -0.013587 -26.235117 5.645843 -3.196012 -4.052084 1.880381 56.992806 0.000000 0.000000 0.000000
0.000000 0.768800 0.000000 2.285588 8.403095 -0.167927 -0.000000 -0.000000 0.000000 -18.849550 40.232507 4.848028 -0.000000 0.000000 0.000000 0.000000 -0.000000 -0.000000 0.000000 0.000000 -0.000000 -62.810797 -38.640470 -23.660000 37.472295 -5.660568 -16.225584 8.739576 -0.048541 -6.851433 0.000000 0.000000 -0.000000 82.769806 0.320455 63.276753 43.996134 -11.297861 1.596344 -119.753393 2.943381 148.498227 0.000000 0.000000 -0.000000 -5.090130 -3.586771 -0.461152 -46.087723 11.115457 3.017212 -214.091775 79.506644 249.085832 -0.000000 0.000000 0.000000 14.851918 6.694143 0.091815 -29.594798 6.722458 -3.155922 0.077563 4.298909 54.834243 -0.000000 0.000000 -0.000000
0.000000 0.766399 0.000000 2.743649 8.627961 -0.207009 0.000000 0.000000 -0.000000 -19.613050 39.179400 4.686902 0.000000 -0.000000 0.000000 -0.000000 0.000000 -0.000000 0.000000 0.000000 0.000000 -71.322949 -32.434323 -27.507947 36.725121 -3.453880 -17.289563 7.863270 0.597954 -5.634150 -0.000000 0.000000 -0.000000 85.630507 4.921650 63.361131 43.964519 -13.171268 1.276125 -127.964796 -9.607200 150.676845 0.000000 0.000000 -0.000000 1.566470 -0.623351 0.141595 -52.266819 13.268605 2.082022 -179.283676 84.818342 217.700165 0.000000 0.000000 0.000000 11.400789 5.981403 0.123991 -28.601726 8.311019 -2.605878 3.775011 0.269474 53.987433 -0.000000 0.000000 -0.000000
0.000000 0.766908 0.000000 2.810183 8.833869 -0.217111 0.000000 0.000000 0.000000 -19.496202 38.534697 4.483437 -0.000000 0.000000 -0.000000 0.000000 -0.000000 -0.000000 0.000000 0.000000 -0.000000 -77.652470 -26.207518 -30.799187 34.583764 -1.616277 -15.016149 13.020403 0.299442 -5.081960 -0.000000 0.000000 0.000000 88.676363 9.313010 63.042461 44.832536 -15.902982 0.759882 -146.329671 -44.448086 144.163195 -0.000000 0.000000 -0.000000 9.218427 0.061131 0.709022 -55.641371 15.098356 1.657352 -91.170390 81.576739 131.978106 -0.000000 0.000000 -0.000000 5.993847 5.700052 0.026057 -23.144202 9.871133 -1.725942 5.293262 -5.027804 54.406017 -0.000000 0.000000 0.000000
0.000000 0.769132 0.000000 2.835817 8.716017 -0.216158 -0.000000 -0.000000 -0.000000 -19.437872 38.111278 4.403922 0.000000 -0.000000 0.000000 0.000000 -0.000000 0.000000 -0.000000 0.000000 0.000000 -82.601476 -21.953259 -31.717952 34.477747 -1.010740 -14.212999 13.097059 -0.463789 -2.052296 0.000000 0.000000 0.000000 92.062537 13.342942 61.967995 48.295858 -19.762346 0.709188 -212.217057 -71.119570 85.999497 0.000000 0.000000 -0.000000 16.375940 -0.821223 1.399816 -56.510833 16.344601 1.765262 -57.244341 69.038754 102.795542 -0.000000 0.000000 -0.000000 -0.535747 5.641770 -0.153963 -15.754785 10.102062 -0.804145 5.561320 -7.815409 53.945698 0.000000 0.000000 0.000000
0.000000 0.773216 0.000000 2.714182 7.688196 -0.182408 0.000000 0.000000 0.000000 -19.599900 37.838506 4.612264 -0.000000 0.000000 0.000000 -0.000000 0.000000 0.000000 0.000000 0.000000 0.000000 -86.143395 -19.748555 -30.454465 34.858520 -0.798847 -14.458363 9.269652 -1.364699 1.162963 0.000000 0.000000 0.000000 95.136636 18.057102 61.162443 52.009148 -27.598263 0.791094 -277.983407 -58.388961 23.109840 0.000000 0.000000 -0.000000 21.717213 -1.389231 1.783527 -52.889653 15.466269 1.273471 -40.618146 49.117723 95.206628 -0.000000 0.000000 -0.000000 -5.731494 5.488710 -0.240718 -10.536683 8.714058 -0.181196 6.920131 -7.621540 52.253070 -0.000000 0.000000 0.000000
0.000000 0.779107 0.000000 2.693710 6.167025 -0.145135 0.000000 0.000000 0.000000 -20.202203 37.435980 4.973390 -0.000000 0.000000 0.000000 0.000000 -0.000000 -0.000000 0.000000 0.000000 -0.000000 -88.053101 -19.569579 -27.751910 33.399173 -0.175854 -15.139192 5.811067 -2.063026 2.938142 0.000000 0.000000 -0.000000 96.983495 23.482298 61.745169 58.876780 -39.847279 3.760005 -298.767683 -38.870195 3.927211 -0.000000 0.000000 -0.000000 22.359698 -1.598620 1.580184 -40.655026 12.214710 0.223901 -32.624914 31.890580 93.573164 -0.000000 0.000000 -0.000000 -9.086284 5.531392 -0.180817 -9.181897 5.838605 -0.143599 8.942224 -2.898980 50.537227 0.000000 0.000000 0.000000
0.000000 0.782922 0.000000 2.866362 4.726035 -0.118307 -0.000000 -0.000000 -0.000000 -21.103888 36.800088 5.311796 -0.000000 0.000000 -0.000000 -0.000000 0.000000 0.000000 -0.000000 0.000000 -0.000000 -88.351321 -20.480027 -24.784537 31.668461 0.396291 -15.656493 2.364144 -0.936829 1.153259 0.000000 0.000000 0.000000 96.006977 29.111757 65.258031 67.862752 -35.260509 13.304313 -302.087142 -37.817549 11.583243 -0.000000 0.000000 0.000000 21.420758 -2.058293 1.340986 -27.409636 7.988393 -0.338926 -31.981974 25.627394 90.899751 0.000000 0.000000 -0.000000 -11.738545 5.519454 -0.056508 -9.094913 2.636713 -0.403792 10.428148 3.288732 51.133761 0.000000 0.000000 0.000000
0.000000 0.780267 0.000000 2.637832 3.755188 -0.086489 0.000000 0.000000 -0.000000 -21.446016 36.028606 5.518534 -0.000000 0.000000 -0.000000 0.000000 0.000000 0.000000 -0.000000 0.000000 0.000000 -88.928443 -19.975531 -23.159279 27.306259 2.096435 -15.006601 -0.009620 -1.980326 3.024680 -0.000000 0.000000 0.000000 94.994310 33.163301 68.108522 205.882064 -68.082898 138.133932 -309.444664 23.579911 -42.378900 0.000000 0.000000 -0.000000 21.158908 -1.595228 1.040616 -14.798952 6.799130 -0.783678 -34.518679 18.390308 88.571158 -0.000000 0.000000 0.000000 -12.560230 6.073685 0.115500 -11.010806 1.482618 -0.684386 12.562909 6.242659 51.997645 -0.000000 0.000000 -0.000000
0.000000 0.768658 0.000000 1.951600 3.598325 -0.061309 0.000000 0.000000 -0.000000 -21.179667 35.615496 5.616610 0.000000 0.000000 -0.000000 0.000000 -0.000000 -0.000000 0.000000 0.000000 -0.000000 -89.969866 -18.248621 -23.500734 28.023005 0.698265 -12.545386 5.077842 -5.833331 8.376766 0.000000 0.000000 -0.000000 94.147117 34.398076 69.703815 375.560831 71.760550 62.040795 -236.807333 -32.895612 -219.069223 0.000000 0.000000 -0.000000 21.323477 -0.386241 0.759469 -3.629013 6.489671 -1.224004 -37.635352 10.090460 87.386314 0.000000 0.000000 -0.000000 -13.258037 7.241415 0.300873 -11.580540 2.033736 -0.705184 13.203016 6.676069 53.727687 0.000000 0.000000 0.000000
0.000000 0.754288 0.000000 0.970910 3.870749 -0.032809 -0.000000 0.000000 -0.000000 -20.149198 35.515802 5.569143 -0.000000 0.000000 0.000000 0.000000 -0.000000 -0.000000 -0.000000 0.000000 0.000000 -87.749807 -19.000919 -23.810829 35.819856 -2.571765 -12.042602 21.580539 -8.649863 18.095712 -0.000000 0.000000 0.000000 96.634830 33.417822 66.672654 425.182242 63.168937 26.673621 -263.539394 -49.920275 -247.062059 0.000000 0.000000 -0.000000 21.359205 1.244820 0.485942 2.611004 7.543124 -1.562353 -37.377628 1.511813 85.621237 0.000000 0.000000 -0.000000 -14.794577 8.388113 0.517800 -11.254223 3.148374 -0.533744 14.890384 5.613546 52.808877 -0.000000 0.000000 0.000000
0.000000 0.745265 0.000000 0.013692 3.917797 -0.000468 0.000000 0.000000 -0.000000 -18.851538 36.330229 5.645347 0.000000 0.000000 0.000000 -0.000000 0.000000 -0.000000 0.000000 0.000000 0.000000 -81.055564 -22.993417 -23.619701 62.447477 -11.788055 -10.117736 66.869291 -5.841911 6.045707 -0.000000 0.000000 0.000000 101.183169 31.594103 61.370206 453.802626 77.090498 3.521510 -262.376552 -51.224636 -234.745165 -0.000000 0.000000 0.000000 22.154610 1.284367 0.515917 2.264344 8.626599 -1.778885 -32.927202 -3.977530 84.156068 0.000000 0.000000 -0.000000 -17.869449 9.003703 0.803328 -9.717849 4.206982 -0.096351 17.780860 4.859180 48.850592 -0.000000 0.000000 0.000000
0.000000 0.747032 0.000000 -0.594522 3.795253 0.019698 0.000000 0.000000 0.000000 -17.739089 37.506986 5.745052 0.000000 0.000000 0.000000 0.000000 -0.000000 -0.000000 0.000000 0.000000 -0.000000 -74.701785 -26.303554 -23.729876 73.212813 -14.451920 -9.141935 64.215070 -9.850605 -5.252698 -0.000000 0.000000 0.000000 104.804961 29.514907 57.008981 530.662774 80.701897 -71.325685 -258.488721 -50.070471 -222.721835 -0.000000 0.000000 0.000000 21.457087 1.408856 0.459450 0.242192 8.601344 -1.602681 -28.762077 -5.503154 87.418916 0.000000 0.000000 -0.000000 -16.501459 10.125477 0.977732 -13.594766 3.813314 -0.672797 21.025439 5.763271 46.110207 0.000000 0.000000 0.000000
0.000000 0.756712 0.000000 -0.695450 3.596294 0.021833 0.000000 -0.000000 -0.000000 -16.522851 38.612810 5.612002 0.000000 0.000000 0.000000 0.000000 -0.000000 0.000000 0.000000 0.000000 0.000000 -73.675906 -26.698005 -24.836764 63.850566 -11.429603 -11.830768 65.930567 -11.369957 -10.847964 0.000000 0.000000 -0.000000 105.249313 28.041703 55.610328 546.486585 79.514669 -88.684383 -256.770284 -46.077769 -220.711226 -0.000000 0.000000 -0.000000 19.888475 1.648163 0.351541 -2.603590 7.765395 -1.257342 -29.934909 0.681980 90.589312 0.000000 0.000000 -0.000000 -12.890864 9.599019 0.741316 -21.813677 3.487740 -1.524357 24.561704 13.149651 41.289458 0.000000 0.000000 0.000000
0.000000 0.772769 0.000000 -0.322889 3.359201 0.009468 -0.000000 0.000000 0.000000 -15.338701 39.084988 5.191793 0.000000 0.000000 0.000000 -0.000000 0.000000 -0.000000 0.000000 0.000000 0.000000 -82.680827 -21.480940 -26.976813 40.633941 -3.526000 -13.442304 39.725930 -3.418592 -9.668420 0.000000 0.000000 0.000000 104.221834 28.072849 55.850551 591.870902 73.971221 -138.965282 -248.371266 -39.928556 -208.520006 0.000000 0.000000 0.000000 18.469624 2.702334 0.114514 -7.153735 7.347874 -1.087943 -33.817292 9.016328 93.468278 0.000000 0.000000 0.000000 -10.026833 8.573461 0.484102 -29.232600 4.173043 -1.715091 26.955520 23.334603 35.900457 -0.000000 0.000000 -0.000000
0.000000 0.790035 0.000000 0.310469 3.260253 -0.008836 -0.000000 0.000000 -0.000000 -14.948731 39.559126 4.912691 -0.000000 0.000000 0.000000 0.000000 -0.000000 0.000000 0.000000 0.000000 -0.000000 -90.341040 -17.489531 -27.679726 32.537391 -0.647438 -12.889934 8.407011 -3.117450 4.523959 -0.000000 0.000000 0.000000 100.547464 28.255000 58.921881 616.181164 49.651401 -174.009524 -235.489142 -15.610542 -184.680413 0.000000 0.000000 0.000000 17.819922 3.882619 -0.108327 -13.613281 7.061815 -1.124677 -37.821055 17.994340 95.151683 0.000000 0.000000 0.000000 -7.269770 4.925982 0.092706 -36.433588 7.984823 0.429543 27.755088 32.798411 34.068416 0.000000 0.000000 -0.000000
0.000000 0.801419 0.000000 1.019715 3.306983 -0.029437 -0.000000 0.000000 -0.000000 -15.195167 40.423421 4.853858 -0.000000 0.000000 -0.000000 0.000000 -0.000000 -0.000000 -0.000000 0.000000 0.000000 -89.737374 -18.544092 -28.142667 33.792748 -2.200445 -11.535861 9.852552 -3.055217 4.083075 0.000000 0.000000 -0.000000 96.824101 27.432925 62.158606 602.173536 -69.606578 -183.041364 -285.072233 26.978215 -66.740082 0.000000 0.000000 -0.000000 16.508837 4.384254 -0.195892 -19.606889 7.484377 -1.172836 -39.473873 23.851080 97.467088 0.000000 0.000000 0.000000 -3.237943 0.192644 -0.089751 -46.125601 13.170203 4.449534 32.879935 44.648778 23.482111 0.000000 0.000000 0.000000
0.000000 0.803444 0.000000 1.650143 3.686644 -0.053110 -0.000000 0.000000 -0.000000 -15.836585 41.396523 4.933170 0.000000 0.000000 0.000000 0.000000 -0.000000 0.000000 -0.000000 0.000000 -0.000000 -83.992590 -22.746348 -28.643086 37.825479 -4.928364 -9.534141 15.301675 -1.950060 -1.211624 -0.000000 0.000000 0.000000 94.371936 25.160141 64.010275 773.565269 -35.755932 -356.474542 -296.325812 -23.590189 1.247381 0.000000 0.000000 0.000000 15.085612 3.592749 -0.039271 -24.391282 8.840940 -0.943564 -39.384970 27.378294 98.760034 -0.000000 0.000000 0.000000 0.728435 -4.775757 0.122417 -55.006819 18.604471 9.806323 44.856341 49.564948 4.048033 0.000000 0.000000 -0.000000
0.000000 0.801701 0.000000 1.971114 4.131224 -0.071100 0.000000 0.000000 -0.000000 -16.752648 41.558472 5.100268 0.000000 0.000000 0.000000 0.000000 -0.000000 -0.000000 -0.000000 0.000000 0.000000 -80.920241 -23.890536 -29.613933 35.543152 -4.604878 -7.934734 8.296256 0.730652 -6.376515 -0.000000 0.000000 0.000000 93.056434 22.248648 64.313275 761.931078 -21.935907 -358.738793 -279.207556 -48.745819 20.954029 -0.000000 0.000000 0.000000 11.219053 3.500475 0.001987 -23.324708 10.095913 -0.650688 -41.876548 25.567001 105.120161 0.000000 0.000000 -0.000000 10.501750 -7.418981 1.189417 -67.054123 21.437896 13.192694 53.227187 55.825707 -9.523097 -0.000000 0.000000 -0.000000
0.000000 0.799795 0.000000 1.829900 4.695717 -0.075034 -0.000000 0.000000 -0.000000 -17.173081 41.275729 5.183138 -0.000000 0.000000 -0.000000 0.000000 0.000000 0.000000 0.000000 0.000000 0.000000 -80.027723 -23.012686 -31.086797 31.443259 -3.008282 -7.711592 -1.540673 3.938078 -8.076613 -0.000000 0.000000 -0.000000 91.655455 17.959042 63.577182 757.566502 -21.268142 -361.574047 -247.004110 -68.000856 47.714795 -0.000000 0.000000 0.000000 7.304973 4.155685 -0.031764 -18.018954 11.111311 -0.529838 -43.716249 20.571729 109.306928 -0.000000 0.000000 0.000000 19.658668 -8.630390 2.449013 -74.275792 22.474070 14.092049 50.365269 63.379251 -8.400294 0.000000 0.000000 -0.000000
0.000000 0.800299 0.000000 1.345577 5.511957 -0.064776 -0.000000 0.000000 -0.000000 -16.493654 40.762434 4.949154 0.000000 0.000000 -0.000000 -0.000000 -0.000000 -0.000000 -0.000000 0.000000 -0.000000 -82.213397 -19.301446 -33.591632 26.536819 -1.118645 -7.143717 -7.693745 7.854774 -10.772146 -0.000000 0.000000 0.000000 88.728602 13.873770 63.956955 753.432762 -21.130163 -364.075217 -163.967653 -66.946583 123.118272 -0.000000 0.000000 -0.000000 3.858325 3.037566 0.047974 -13.645443 11.691566 -0.155928 -40.987331 16.724811 110.088254 0.000000 0.000000 -0.000000 25.148764 -6.732503 2.811850 -72.085533 20.891034 10.026176 -4.321155 62.975732 57.520547 -0.000000 0.000000 -0.000000
0.000000 0.803575 0.000000 0.712486 6.386475 -0.039750 0.000000 0.000000 -0.000000 -15.884263 40.463529 4.830685 0.000000 0.000000 0.000000 -0.000000 0.000000 -0.000000 0.000000 0.000000 -0.000000 -80.417874 -18.936157 -35.399357 26.570445 -0.244968 -7.779912 -1.271807 8.816701 -15.866043 -0.000000 0.000000 0.000000 85.830032 9.993805 64.731210 750.361794 -17.524091 -364.012709 -134.236959 -43.865689 142.223646 -0.000000 0.000000 0.000000 1.415162 0.444253 0.070740 -11.270281 11.514273 0.251459 -36.618239 16.066061 109.007520 0.000000 0.000000 -0.000000 27.646082 -4.611741 2.734522 -62.903449 17.776594 5.011251 -9.372974 30.763388 82.461266 -0.000000 0.000000 -0.000000
0.000000 0.808672 0.000000 0.081756 7.009860 -0.005007 -0.000000 0.000000 -0.000000 -15.333140 40.601370 4.837624 0.000000 0.000000 0.000000 0.000000 -0.000000 -0.000000 0.000000 0.000000 -0.000000 -75.759415 -21.945111 -36.050193 31.496192 -1.215236 -7.936447 27.982798 1.835294 -24.692578 -0.000000 0.000000 -0.000000 82.854967 6.092581 65.716174 748.292716 -14.241246 -363.217965 -122.686534 -26.993784 141.714882 0.000000 0.000000 0.000000 -1.175076 -2.520645 -0.095906 -10.013004 10.489087 0.631311 -31.890292 17.688562 107.835502 -0.000000 0.000000 0.000000 28.825549 -0.887508 2.031657 -51.153369 12.438528 0.060726 -5.057534 15.001495 81.412431 0.000000 0.000000 -0.000000
0.000000 0.813431 0.000000 -0.933381 7.368338 0.060101 0.000000 -0.000000 -0.000000 -14.824783 41.083710 5.099783 -0.000000 0.000000 0.000000 0.000000 -0.000000 -0.000000 -0.000000 0.000000 -0.000000 -69.279530 -26.912165 -35.498219 37.991038 -2.725988 -7.917635 48.624853 -5.917681 -19.068433 0.000000 0.000000 -0.000000 80.520837 2.858442 66.872197 747.412255 -12.410317 -362.509975 -112.811108 -11.161673 139.969476 -0.000000 0.000000 -0.000000 -3.009465 -5.553887 -0.383811 -9.733912 9.452340 0.981732 -28.826442 21.276567 107.041568 0.000000 0.000000 0.000000 29.006390 2.339075 1.321511 -38.873546 7.017143 -2.398559 -4.310633 4.469393 75.904637 0.000000 0.000000 0.000000
0.000000 0.815856 0.000000 -2.244657 7.136765 0.139996 0.000000 0.000000 -0.000000 -14.411810 41.565181 5.585081 -0.000000 0.000000 0.000000 0.000000 -0.000000 0.000000 -0.000000 0.000000 0.000000 -64.923864 -31.481783 -32.692664 43.068522 -4.783326 -7.502736 45.701938 -6.769215 -14.287025 -0.000000 0.000000 0.000000 78.596544 -0.171396 67.298318 747.426422 -13.128268 -363.400834 -104.540830 -1.319256 139.395150 0.000000 0.000000 -0.000000 -4.304964 -6.874408 -0.659696 -8.556408 9.331827 1.218780 -29.268857 23.419314 108.612344 0.000000 0.000000 0.000000 30.909025 3.817990 0.991682 -29.139260 2.741887 -2.604692 -5.961136 -3.828314 72.452437 -0.000000 0.000000 -0.000000
0.000000 0.816352 0.000000 -3.694692 6.536405 0.211050 0.000000 -0.000000 0.000000 -13.941231 42.632649 6.261885 0.000000 -0.000000 -0.000000 -0.000000 0.000000 0.000000 -0.000000 0.000000 -0.000000 -59.487051 -37.648055 -27.493849 44.381161 -6.941488 -7.516769 41.128885 -7.369287 -11.226488 -0.000000 0.000000 -0.000000 76.734498 -4.004080 67.132341 749.899272 -13.535346 -363.443118 -101.343711 0.568823 139.280644 0.000000 0.000000 -0.000000 -4.818001 -6.399007 -0.749593 -7.699050 9.131847 1.292428 -28.074664 23.166498 109.364837 -0.000000 0.000000 0.000000 33.339565 3.607517 0.989073 -21.549751 0.975849 -1.856105 -8.320653 -10.212430 69.577667 -0.000000 0.000000 0.000000
0.000000 0.816791 0.000000 -5.029256 5.946336 0.261378 -0.000000 0.000000 -0.000000 -12.981248 44.271759 6.837406 0.000000 -0.000000 0.000000 -0.000000 0.000000 -0.000000 -0.000000 0.000000 -0.000000 -53.834107 -44.229253 -20.555727 41.192628 -8.480987 -9.262848 38.692517 -8.325451 -10.670503 -0.000000 0.000000 0.000000 74.828305 -8.278891 66.778267 753.462590 -11.763111 -361.405808 -99.648893 3.060597 138.975226 0.000000 0.000000 0.000000 -4.689239 -6.266389 -0.774884 -9.225373 8.333424 1.417670 -25.659605 23.774800 110.664723 -0.000000 0.000000 -0.000000 35.460128 2.394355 1.229844 -17.499296 0.877052 -1.275096 -7.971163 -15.792311 69.928419 -0.000000 0.000000 0.000000
0.000000 0.816606 0.000000 -5.732747 5.420651 0.271611 0.000000 -0.000000 -0.000000 -12.282415 45.775052 7.210601 0.000000 0.000000 0.000000 -0.000000 0.000000 0.000000 -0.000000 0.000000 0.000000 -49.584616 -49.442123 -12.969018 38.521707 -10.188642 -11.908987 36.067515 -8.588087 -9.061815 0.000000 0.000000 -0.000000 73.596704 -12.065509 65.639944 757.631213 -8.989298 -358.615821 -98.350761 7.992301 139.271472 0.000000 0.000000 0.000000 -4.304913 -6.444337 -0.768522 -12.636610 7.671926 1.654577 -27.296001 28.786091 111.254252 0.000000 0.000000 -0.000000 35.963520 0.680026 1.553493 -16.865411 2.407991 -1.085232 -5.170756 -19.542624 70.034390 0.000000 0.000000 0.000000
0.000000 0.809511 0.000000 -5.643969 5.034014 0.248300 0.000000 -0.000000 0.000000 -12.287141 46.793221 7.402693 -0.000000 0.000000 0.000000 -0.000000 0.000000 -0.000000 -0.000000 0.000000 -0.000000 -47.923641 -52.880443 -6.483941 36.924180 -12.015540 -15.090237 32.451624 -8.781814 -9.509680 0.000000 0.000000 0.000000 73.340204 -14.404519 64.242098 760.780734 -6.887405 -356.931488 -97.281255 13.026666 140.302688 -0.000000 0.000000 0.000000 -4.099121 -6.997841 -0.775415 -19.337806 6.871856 2.125274 -43.160582 44.692321 115.579086 -0.000000 0.000000 0.000000 35.039794 0.700590 1.386100 -19.056013 4.974367 -1.310150 -3.287117 -19.995215 70.358949 0.000000 0.000000 0.000000
0.000000 0.801022 0.000000 -5.028330 5.150799 0.226317 -0.000000 0.000000 -0.000000 -13.237118 46.805272 7.502557 0.000000 -0.000000 0.000000 -0.000000 0.000000 -0.000000 -0.000000 0.000000 0.000000 -47.814713 -53.879063 -4.512533 36.212569 -12.515089 -17.149327 31.777803 -8.700828 -9.749796 0.000000 0.000000 0.000000 74.384651 -14.136735 63.768062 761.896000 -7.493930 -357.621171 -97.437815 15.469001 142.277843 0.000000 0.000000 -0.000000 -5.089449 -8.001856 -0.935780 -24.382386 5.727352 2.413635 -74.122484 63.669106 129.637887 -0.000000 0.000000 -0.000000 32.968475 2.133730 0.978304 -22.276895 6.680487 -1.655454 -5.131808 -14.073842 68.107927 -0.000000 0.000000 -0.000000
0.000000 0.794055 0.000000 -3.927477 5.746288 0.197189 0.000000 -0.000000 0.000000 -14.753185 45.653137 7.326051 -0.000000 0.000000 -0.000000 -0.000000 0.000000 -0.000000 0.000000 0.000000 0.000000 -50.210531 -52.405987 -7.063719 37.915387 -12.569985 -17.706883 31.709579 -7.988476 -9.323676 -0.000000 0.000000 -0.000000 76.106890 -11.878435 63.733947 761.005383 -10.231416 -359.990226 -97.032664 18.605904 144.247953 0.000000 0.000000 0.000000 -4.996167 -9.138314 -0.961481 -31.445085 5.192903 2.894160 -141.389966 76.662719 180.344649 0.000000 0.000000 0.000000 30.741245 3.597054 0.711156 -26.002191 7.783656 -2.076981 -7.849581 -4.882202 63.933815 0.000000 0.000000 0.000000
0.000000 0.787094 0.000000 -2.504188 6.505868 0.142349 0.000000 -0.000000 -0.000000 -16.634858 43.878203 6.974341 0.000000 -0.000000 0.000000 -0.000000 0.000000 -0.000000 -0.000000 0.000000 0.000000 -54.007318 -48.320295 -13.466478 41.431663 -11.695717 -15.958757 30.374870 -6.689222 -9.519144 0.000000 0.000000 -0.000000 78.543191 -8.166374 63.725752 758.097559 -12.200328 -361.939004 -98.581985 16.644004 147.051108 0.000000 0.000000 0.000000 -3.890438 -10.316372 -0.794494 -39.790392 4.468973 3.317919 -195.628335 72.839287 227.140183 0.000000 0.000000 0.000000 27.834704 4.151093 0.673776 -28.812623 8.722304 -2.312291 -9.506648 4.920813 59.502859 0.000000 0.000000 0.000000
0.000000 0.780626 0.000000 -0.920063 7.324003 0.058886 0.000000 0.000000 0.000000 -18.567671 41.807946 6.465355 -0.000000 0.000000 -0.000000 0.000000 -0.000000 0.000000 -0.000000 0.000000 -0.000000 -58.574706 -43.001856 -19.653629 44.693536 -10.233663 -15.867897 27.400655 -4.390887 -8.535900 -0.000000 0.000000 0.000000 81.202020 -4.266447 63.223740 757.333229 -12.801012 -362.132640 -102.584674 14.754801 149.719993 -0.000000 0.000000 -0.000000 -2.909135 -9.828034 -0.512474 -47.858594 6.485775 4.268414 -202.152829 72.501039 236.396206 0.000000 0.000000 0.000000 22.840521 4.687450 0.572251 -28.690927 9.256328 -2.390901 -8.167395 9.674092 54.559008 -0.000000 0.000000 0.000000
0.000000 0.776161 0.000000 0.408574 7.982982 -0.028509 -0.000000 -0.000000 -0.000000 -19.549596 39.991144 5.796928 0.000000 -0.000000 -0.000000 0.000000 0.000000 0.000000 -0.000000 0.000000 -0.000000 -64.649597 -36.979841 -24.641119 46.921437 -8.521265 -16.570983 21.285420 -1.921755 -5.285343 0.000000 0.000000 0.000000 83.608644 -0.836923 62.201614 759.952515 -12.190939 -360.605544 -109.550215 13.914146 151.390102 -0.000000 0.000000 -0.000000 1.365249 -8.926313 0.232319 -57.236955 9.311444 5.412649 -192.923880 77.054824 233.697644 -0.000000 0.000000 0.000000 17.609954 4.310266 0.557062 -28.414580 9.909019 -2.110051 -4.597382 9.200147 53.879018 0.000000 0.000000 0.000000
0.000000 0.775915 0.000000 1.171550 8.241159 -0.084404 -0.000000 0.000000 -0.000000 -19.711131 39.153303 5.354832 -0.000000 0.000000 -0.000000 0.000000 -0.000000 -0.000000 -0.000000 0.000000 0.000000 -74.147147 -30.041468 -28.608809 45.561327 -5.597027 -18.992966 15.588676 -0.336446 -5.055720 -0.000000 0.000000 -0.000000 86.134179 2.810728 61.677349 762.436357 -11.198370 -358.977784 -120.716362 0.294385 153.286528 0.000000 0.000000 0.000000 7.690004 -7.545178 1.134930 -65.437554 13.579693 6.973548 -165.041581 83.930160 211.223683 0.000000 0.000000 0.000000 12.364437 4.830215 0.322981 -25.445929 10.653902 -1.794076 -0.951685 2.163717 55.733025 0.000000 0.000000 -0.000000
0.000000 0.777920 0.000000 1.464553 8.379348 -0.107290 0.000000 0.000000 0.000000 -19.434883 38.986837 5.111183 -0.000000 0.000000 -0.000000 0.000000 0.000000 0.000000 -0.000000 0.000000 0.000000 -80.665731 -24.226170 -31.398026 42.385876 -1.858501 -20.719924 13.934529 0.619021 -4.676053 -0.000000 0.000000 -0.000000 88.777690 6.362342 61.431593 765.300909 -10.019505 -357.442254 -141.068025 -35.818238 146.849390 0.000000 0.000000 -0.000000 13.599126 -6.231203 1.819413 -66.877175 17.261108 7.303625 -70.744133 78.554160 120.825318 -0.000000 0.000000 0.000000 6.957650 4.647973 0.169187 -19.992201 10.875771 -1.188577 1.291344 -3.352748 55.614210 0.000000 0.000000 0.000000
0.000000 0.778159 0.000000 1.350555 8.064768 -0.095212 0.000000 0.000000 0.000000 -18.795962 39.022429 5.019627 0.000000 0.000000 0.000000 0.000000 0.000000 0.000000 -0.000000 0.000000 -0.000000 -85.202872 -20.605204 -32.053526 38.075567 1.503678 -21.798887 9.765195 0.811577 -2.774492 0.000000 0.000000 0.000000 91.498561 10.811904 61.378195 766.922725 -11.584823 -357.234024 -185.097756 -64.026770 110.352308 0.000000 0.000000 -0.000000 19.630012 -4.873738 2.296022 -64.721269 19.659749 6.421290 -54.522857 64.935216 107.041040 -0.000000 0.000000 -0.000000 1.889738 4.210637 0.014408 -14.408381 10.145796 -0.563883 2.987299 -5.942134 54.614953 -0.000000 0.000000 0.000000
0.000000 0.781997 0.000000 1.099410 7.138474 -0.068579 -0.000000 0.000000 -0.000000 -18.400276 39.277331 5.178253 -0.000000 0.000000 -0.000000 -0.000000 0.000000 0.000000 -0.000000 0.000000 0.000000 -87.724020 -18.239233 -31.960395 35.369333 3.136528 -21.093815 7.013220 0.243540 -0.875446 0.000000 0.000000 -0.000000 93.615967 16.113564 62.173919 767.867515 -15.377576 -357.052514 -245.100246 -63.660886 54.357408 0.000000 0.000000 0.000000 24.422286 -4.021389 2.455394 -58.214580 18.588401 4.247342 -48.100399 49.758839 104.689173 -0.000000 0.000000 0.000000 -2.944434 3.149565 -0.133056 -9.712910 8.258107 -0.038665 4.321243 -3.565718 52.514914 0.000000 0.000000 0.000000
0.000000 0.789129 0.000000 1.111624 5.424975 -0.052667 0.000000 0.000000 -0.000000 -19.984457 39.124663 5.907708 -0.000000 0.000000 0.000000 0.000000 0.000000 0.000000 0.000000 0.000000 -0.000000 -90.757193 -21.939084 -26.327773 35.872905 -0.588214 -19.013464 3.406933 0.467084 -1.797761 0.000000 0.000000 -0.000000 94.201669 21.664827 64.613883 771.166205 -20.853192 -354.998645 -268.623119 -56.672139 36.074138 -0.000000 0.000000 -0.000000 26.122673 -2.895215 1.961348 -45.960164 15.890367 1.849988 -37.657178 30.903488 102.147637 -0.000000 0.000000 0.000000 -6.851625 2.947597 -0.177188 -7.542545 6.227673 0.174267 6.158124 1.334703 48.661409 -0.000000 0.000000 0.000000
0.000000 0.794571 0.000000 1.142713 3.422254 -0.034138 -0.000000 -0.000000 -0.000000 -22.579835 38.239738 6.900829 0.000000 0.000000 0.000000 0.000000 -0.000000 -0.000000 -0.000000 0.000000 0.000000 -91.646371 -28.794035 -18.536814 40.541203 -9.464608 -14.089908 -1.304341 2.148463 -3.753740 -0.000000 0.000000 0.000000 96.032403 24.875107 64.374345 782.089222 -45.606376 -354.052132 -303.776852 -32.591480 -0.268535 -0.000000 0.000000 -0.000000 27.293606 -2.312798 1.418371 -33.421019 11.633848 0.299038 -36.571565 24.756181 99.299111 -0.000000 0.000000 -0.000000 -7.839527 3.178924 -0.048398 -10.912543 4.042589 -0.007346 8.504467 9.361649 49.166538 -0.000000 0.000000 -0.000000
0.000000 0.793622 0.000000 0.832024 1.794234 -0.013029 0.000000 0.000000 -0.000000 -24.009439 37.481964 7.620931 0.000000 0.000000 0.000000 -0.000000 0.000000 -0.000000 0.000000 0.000000 0.000000 -91.411360 -33.542292 -12.941831 46.229494 -17.340038 -9.108214 -3.084069 2.528323 -3.199010 -0.000000 0.000000 0.000000 98.574211 26.691341 62.543870 611.873924 -61.387316 -177.709605 -293.263004 30.378270 -58.900249 -0.000000 0.000000 -0.000000 29.406316 -1.788024 0.954644 -20.050753 9.098981 -0.769497 -37.666683 16.807960 96.171101 -0.000000 0.000000 -0.000000 -8.716851 5.193134 0.221614 -14.387978 2.446194 -0.411600 9.600852 15.377004 54.289675 0.000000 0.000000 -0.000000
0.000000 0.786829 0.000000 0.083498 0.846274 -0.000617 0.000000 0.000000 0.000000 -24.976016 37.079637 8.300641 -0.000000 0.000000 -0.000000 0.000000 -0.000000 -0.000000 0.000000 0.000000 0.000000 -89.821534 -34.547861 -11.356003 55.999526 -23.387634 -3.590084 15.812683 -7.301217 8.867647 0.000000 0.000000 0.000000 102.804548 24.688088 57.246066 622.673710 0.316027 -171.082891 -230.313692 9.343022 -143.202748 -0.000000 0.000000 0.000000 26.430394 -1.309401 0.507224 -10.310027 7.584833 -1.029045 -38.774447 13.142292 98.436540 0.000000 0.000000 -0.000000 -5.828042 7.245577 0.321087 -18.288454 1.851305 -0.925114 8.413143 16.495069 61.722601 -0.000000 0.000000 -0.000000
0.000000 0.773357 0.000000 -0.816228 0.292256 0.002082 -0.000000 0.000000 0.000000 -25.454513 36.748479 8.806143 0.000000 0.000000 -0.000000 0.000000 -0.000000 0.000000 -0.000000 0.000000 -0.000000 -88.678248 -32.994593 -12.085730 61.061061 -24.703330 0.652586 37.418780 -12.537180 18.797407 -0.000000 0.000000 -0.000000 107.150731 21.436471 51.189875 623.605763 22.365069 -162.463910 -226.624094 -22.495713 -164.222391 -0.000000 0.000000 0.000000 23.450946 -0.482177 0.157072 -2.352444 7.090237 -1.265051 -35.745683 6.232622 101.141054 0.000000 0.000000 0.000000 -5.720708 9.488615 0.528612 -18.934683 0.730431 -1.491617 9.354809 13.535221 68.746559 0.000000 0.000000 -0.000000
0.000000 0.759796 0.000000 -1.523641 0.159720 0.002124 -0.000000 0.000000 -0.000000 -24.936014 37.120129 8.995744 -0.000000 0.000000 -0.000000 -0.000000 0.000000 -0.000000 -0.000000 0.000000 -0.000000 -88.980497 -29.834343 -14.699932 57.941301 -20.482429 -3.925301 28.839701 -9.739091 19.164655 0.000000 0.000000 0.000000 106.343188 20.096042 51.158368 625.106697 24.902507 -164.297272 -228.110306 -23.769385 -168.810575 0.000000 0.000000 -0.000000 21.718173 0.110920 0.010814 0.092875 6.907883 -1.237332 -31.064507 1.825363 101.728209 -0.000000 0.000000 -0.000000 -8.983143 11.279979 1.028073 -17.050596 -0.061517 -1.773418 12.255292 10.279452 71.681755 0.000000 0.000000 0.000000
0.000000 0.757311 0.000000 -1.694981 -0.115532 -0.001709 -0.000000 0.000000 -0.000000 -24.313169 38.061385 9.130598 0.000000 0.000000 0.000000 0.000000 0.000000 0.000000 -0.000000 0.000000 0.000000 -90.055882 -30.521798 -14.676914 49.784219 -14.323370 -14.719371 4.610901 -6.007004 15.063543 0.000000 0.000000 -0.000000 100.952907 21.212590 57.023219 628.362801 19.254976 -175.674268 -228.579988 -8.636349 -164.579411 0.000000 0.000000 0.000000 22.360470 0.240316 -0.066588 -3.802989 6.557036 -0.977538 -26.371122 1.273942 101.191406 0.000000 0.000000 0.000000 -12.786573 11.210297 1.441608 -17.246021 0.493537 -1.609587 16.570394 11.187021 68.181183 -0.000000 0.000000 0.000000
0.000000 0.764346 0.000000 -1.260694 -0.176180 -0.001938 -0.000000 -0.000000 -0.000000 -23.367832 38.988779 8.869396 0.000000 -0.000000 -0.000000 -0.000000 0.000000 -0.000000 0.000000 0.000000 0.000000 -92.613708 -30.057624 -15.257444 45.410719 -6.980993 -25.575042 -6.315949 -5.086879 12.296262 0.000000 0.000000 0.000000 95.065261 22.286310 63.256744 624.776314 -5.782650 -182.681122 -236.182348 18.168033 -140.814835 0.000000 0.000000 0.000000 26.250756 0.683505 -0.192448 -8.142136 6.816247 -1.049392 -29.999658 4.265965 98.487639 0.000000 0.000000 -0.000000 -17.391458 7.885013 1.323748 -21.649276 3.315499 -0.353251 21.375697 24.355827 55.754795 -0.000000 0.000000 -0.000000
0.000000 0.779314 0.000000 -0.734561 0.018597 0.000119 -0.000000 0.000000 -0.000000 -21.606213 40.269836 8.278892 0.000000 -0.000000 -0.000000 -0.000000 0.000000 0.000000 0.000000 0.000000 -0.000000 -95.745323 -27.483482 -17.499199 45.440381 -0.329636 -34.951562 -6.227720 -6.091480 11.543455 -0.000000 0.000000 -0.000000 89.771186 23.088462 68.767369 611.557168 -51.234221 -186.672433 -280.941366 33.257733 -74.097288 -0.000000 0.000000 -0.000000 28.532619 -0.839063 0.212356 -21.408340 7.251436 -0.247434 -35.969086 19.388829 99.537505 0.000000 0.000000 0.000000 -16.310637 7.297213 1.092310 -22.238255 6.635844 0.853476 20.717290 24.447577 50.531896 -0.000000 0.000000 -0.000000
0.000000 0.798449 0.000000 -0.125463 0.667131 0.000730 -0.000000 0.000000 -0.000000 -20.365598 41.419882 7.716106 0.000000 0.000000 -0.000000 0.000000 0.000000 0.000000 0.000000 0.000000 0.000000 -94.355728 -23.527377 -21.917468 47.237521 -0.410455 -33.003244 -0.977005 -4.230890 9.034095 -0.000000 0.000000 0.000000 89.053255 22.663082 69.257913 446.404913 -89.142719 -340.454327 -303.066739 4.064853 -32.366455 -0.000000 0.000000 0.000000 23.356333 -3.837568 0.926773 -35.675517 9.848458 2.089001 -52.307554 44.186547 107.806484 0.000000 0.000000 0.000000 -8.147717 4.386177 0.269916 -28.620665 13.321128 3.159196 17.734557 26.692269 43.817013 -0.000000 0.000000 0.000000
0.000000 0.810973 0.000000 0.519010 1.003029 -0.004543 0.000000 0.000000 0.000000 -19.836111 41.962060 7.318158 0.000000 0.000000 -0.000000 0.000000 -0.000000 0.000000 -0.000000 0.000000 0.000000 -90.510380 -20.900605 -25.624271 44.362630 -1.879072 -23.066177 -0.845737 -1.301072 2.989262 0.000000 0.000000 -0.000000 91.299955 21.969161 66.349293 407.633483 -55.692512 -366.825076 -299.018359 -34.812314 -8.184392 -0.000000 0.000000 0.000000 17.841034 -4.781085 0.930300 -41.399225 12.553382 3.957433 -78.670168 62.304847 121.816274 0.000000 0.000000 0.000000 0.545632 0.526970 -0.000120 -38.264690 20.095564 6.312492 17.168868 36.146236 33.391766 -0.000000 0.000000 0.000000
0.000000 0.815764 0.000000 0.838706 1.511809 -0.011066 0.000000 0.000000 0.000000 -18.343081 42.413582 6.627971 -0.000000 0.000000 -0.000000 0.000000 -0.000000 -0.000000 0.000000 0.000000 -0.000000 -86.605591 -18.728485 -29.547500 39.403842 -0.992937 -16.598652 -2.369468 1.105145 -1.936807 -0.000000 0.000000 0.000000 89.799822 19.420120 65.776223 400.836336 -35.937071 -364.818106 -273.010716 -64.139778 21.207119 0.000000 0.000000 0.000000 11.079993 -2.951566 0.454769 -35.918852 14.451402 3.549139 -87.180671 61.252000 128.278148 0.000000 0.000000 0.000000 10.879742 -2.765787 0.427826 -53.489256 24.517102 10.075136 25.325069 58.533357 14.073251 0.000000 0.000000 -0.000000
0.000000 0.810645 0.000000 0.863528 2.236667 -0.016857 0.000000 0.000000 0.000000 -15.950539 43.024449 5.707480 0.000000 0.000000 0.000000 -0.000000 0.000000 -0.000000 0.000000 0.000000 0.000000 -83.121429 -18.099880 -33.078371 34.993798 -0.065701 -13.138427 -1.265840 3.997934 -8.274322 0.000000 0.000000 -0.000000 86.299710 15.085501 65.989465 396.900471 -26.778753 -364.160594 -207.178534 -73.542099 83.105056 -0.000000 0.000000 0.000000 6.342676 0.087228 0.118511 -25.409647 14.233323 1.780819 -67.108511 41.887186 120.625873 -0.000000 0.000000 0.000000 18.602044 -5.532260 1.315156 -67.851014 23.537522 12.740986 52.914015 74.927399 -16.361012 -0.000000 0.000000 0.000000
0.000000 0.803554 0.000000 0.834115 3.116221 -0.022689 0.000000 0.000000 -0.000000 -13.323889 43.280139 4.659045 0.000000 -0.000000 0.000000 -0.000000 0.000000 0.000000 -0.000000 0.000000 0.000000 -80.845426 -17.934878 -35.852489 33.780051 -0.043410 -10.801979 9.870129 5.752469 -18.204067 -0.000000 0.000000 -0.000000 81.310607 11.195035 67.816027 394.030201 -21.324662 -363.054830 -159.167423 -59.800286 123.270244 -0.000000 0.000000 -0.000000 5.332752 3.861616 -0.062916 -12.065176 12.493420 -0.089694 -37.325202 11.024537 112.216412 0.000000 0.000000 -0.000000 22.202102 -6.274420 1.889357 -75.967384 18.322570 11.520723 75.514402 84.159899 -33.489575 -0.000000 0.000000 0.000000
0.000000 0.802969 0.000000 0.242372 3.804751 -0.008050 0.000000 0.000000 0.000000 -11.085772 43.732432 4.047727 0.000000 0.000000 0.000000 -0.000000 0.000000 -0.000000 0.000000 0.000000 0.000000 -79.947863 -18.857988 -37.164754 37.073941 -0.610458 -11.159841 33.649880 0.569011 -23.160403 0.000000 0.000000 0.000000 76.316027 6.755988 69.876200 393.634847 -15.376075 -359.893775 -138.010420 -35.269346 135.419877 -0.000000 0.000000 0.000000 3.496427 3.866123 -0.010058 -12.220490 9.613294 -0.106270 -31.175053 10.940421 111.173518 -0.000000 0.000000 0.000000 27.297235 -1.105997 1.195322 -70.193598 13.517059 3.864250 -18.175891 58.868701 79.133075 0.000000 0.000000 0.000000
0.000000 0.806566 0.000000 -0.479924 4.546103 0.019050 0.000000 0.000000 0.000000 -10.180243 44.284925 4.007940 0.000000 -0.000000 -0.000000 -0.000000 0.000000 0.000000 -0.000000 0.000000 0.000000 -77.380266 -20.852203 -38.549102 43.439715 -1.984329 -10.903557 50.759235 -4.349839 -19.305852 -0.000000 0.000000 -0.000000 73.881241 3.011287 70.903954 392.039558 -9.173196 -356.653138 -123.094578 -8.880533 135.964751 -0.000000 0.000000 0.000000 1.796502 0.359080 0.067191 -12.961556 8.664611 0.329294 -24.947679 13.788351 107.996121 -0.000000 0.000000 0.000000 29.893428 2.948983 0.439130 -60.149872 7.580762 -1.636380 -4.099542 32.327010 75.834468 0.000000 0.000000 -0.000000
0.000000 0.812469 0.000000 -1.633010 4.549567 0.064873 0.000000 0.000000 0.000000 -9.908717 44.916769 4.462039 0.000000 -0.000000 -0.000000 -0.000000 0.000000 0.000000 0.000000 0.000000 -0.000000 -75.672835 -23.972036 -37.377798 47.777098 -3.902836 -10.888524 49.732236 -5.993575 -18.473607 0.000000 0.000000 -0.000000 72.299281 0.461619 71.901086 390.547352 -6.108313 -354.715918 -109.823256 11.135660 131.559014 0.000000 0.000000 -0.000000 0.723894 -2.732638 0.007130 -13.018090 8.037105 0.776340 -22.543780 19.257244 104.128774 0.000000 0.000000 -0.000000 31.274869 5.783407 -0.262928 -47.839790 1.620543 -3.877186 -1.634838 18.968549 69.326931 0.000000 0.000000 0.000000
0.000000 0.818889 0.000000 -3.217850 4.179922 0.117459 0.000000 0.000000 0.000000 -9.257208 46.002126 5.050459 -0.000000 0.000000 -0.000000 0.000000 -0.000000 -0.000000 -0.000000 0.000000 -0.000000 -74.281897 -27.646963 -35.480566 49.932506 -5.907481 -10.923531 42.848775 -6.352848 -17.770244 0.000000 0.000000 -0.000000 70.224465 -2.813505 72.960126 392.102364 -6.827484 -354.416399 -104.007856 16.583425 129.784603 -0.000000 0.000000 0.000000 -2.702436 -4.718998 -0.342246 -6.755487 7.294267 0.842382 -23.335738 22.698303 102.607061 -0.000000 0.000000 0.000000 33.955916 6.507225 -0.524975 -38.126784 -1.087785 -3.482617 -4.371034 9.192366 67.820313 -0.000000 0.000000 0.000000
0.000000 0.819913 0.000000 -4.848114 3.726329 0.157802 0.000000 -0.000000 0.000000 -9.015996 47.227966 5.872041 0.000000 0.000000 -0.000000 -0.000000 0.000000 -0.000000 -0.000000 0.000000 -0.000000 -71.790009 -32.404843 -32.751174 50.528587 -8.028763 -10.398390 38.656673 -7.287887 -16.714624 0.000000 0.000000 0.000000 69.302739 -6.188435 72.960664 394.308665 -9.304242 -355.870011 -102.146585 14.633096 131.018838 -0.000000 0.000000 -0.000000 -5.996890 -6.250648 -0.788265 -0.974476 6.794527 0.722005 -23.633376 25.002062 101.915425 0.000000 0.000000 -0.000000 35.866667 5.849116 -0.433292 -28.883523 -2.360919 -2.275321 -5.122111 -2.126794 66.527933 -0.000000 0.000000 0.000000
0.000000 0.818250 0.000000 -6.160650 3.246782 0.174768 0.000000 0.000000 0.000000 -8.673214 48.199382 6.498545 0.000000 0.000000 0.000000 -0.000000 0.000000 -0.000000 0.000000 0.000000 0.000000 -68.077269 -37.639973 -28.763985 49.578988 -9.826784 -10.322762 40.290085 -9.269428 -15.383809 -0.000000 0.000000 -0.000000 68.450925 -8.869942 72.774361 394.651646 -10.681635 -357.171339 -103.401498 6.656983 131.672135 0.000000 0.000000 -0.000000 -7.881137 -6.525816 -1.027764 0.780611 7.158247 0.804220 -20.323818 23.226568 103.031871 -0.000000 0.000000 -0.000000 37.546783 5.527043 -0.467720 -21.448801 -4.259466 -1.219367 -6.704011 -9.138864 67.696872 -0.000000 0.000000 0.000000
0.000000 0.815069 0.000000 -7.023310 3.066867 0.188249 0.000000 -0.000000 0.000000 -8.041072 48.657244 6.704961 -0.000000 0.000000 -0.000000 0.000000 -0.000000 0.000000 -0.000000 0.000000 -0.000000 -64.327964 -42.073416 -24.234321 47.892082 -11.166867 -11.512488 38.654498 -9.794762 -14.618239 -0.000000 0.000000 0.000000 67.735024 -10.958390 72.110835 394.348642 -10.187991 -357.253423 -102.071014 4.354525 131.218765 -0.000000 0.000000 -0.000000 -8.143154 -6.727765 -1.114738 -2.485969 7.507048 1.241733 -18.829243 24.657412 104.810078 0.000000 0.000000 0.000000 37.940298 4.853010 -0.306858 -17.364880 -3.814731 -0.709978 -5.994346 -14.906834 69.004787 0.000000 0.000000 0.000000
0.000000 0.808995 0.000000 -7.234506 3.394235 0.214636 0.000000 -0.000000 0.000000 -8.234314 48.503669 6.846141 0.000000 -0.000000 -0.000000 -0.000000 0.000000 0.000000 0.000000 0.000000 -0.000000 -62.368092 -44.195139 -21.811096 47.048765 -11.855851 -12.844754 37.066862 -9.769696 -14.876441 0.000000 0.000000 0.000000 68.558795 -12.302732 70.309176 394.782000 -7.908860 -356.026826 -98.631231 8.382298 131.619274 -0.000000 0.000000 -0.000000 -7.440620 -7.285683 -1.159347 -9.681888 7.701689 1.997158 -21.162584 31.163576 105.982600 -0.000000 0.000000 0.000000 36.611128 4.405348 -0.051015 -16.196836 -0.852673 -0.966010 -3.967113 -19.721675 70.286881 0.000000 0.000000 0.000000
0.000000 0.797212 0.000000 -6.979525 4.367817 0.266492 -0.000000 0.000000 -0.000000 -8.538282 47.426964 6.629394 0.000000 -0.000000 -0.000000 -0.000000 0.000000 0.000000 0.000000 0.000000 0.000000 -61.791407 -44.822344 -20.699237 45.975996 -11.848619 -14.760129 32.067622 -8.094877 -15.306806 0.000000 0.000000 -0.000000 70.059527 -12.447044 68.343935 396.327518 -6.534479 -355.349056 -96.384202 13.962587 133.656528 -0.000000 0.000000 -0.000000 -6.496358 -7.851390 -1.174994 -18.510756 6.872107 2.556902 -36.599166 46.527146 111.248413 -0.000000 0.000000 -0.000000 34.855087 5.490424 -0.013140 -17.768918 1.991653 -1.657863 -5.337164 -18.157521 70.800470 0.000000 0.000000 -0.000000
0.000000 0.784878 0.000000 -6.094783 5.510819 0.293606 0.000000 0.000000 0.000000 -9.269522 45.929425 6.215178 -0.000000 0.000000 -0.000000 0.000000 0.000000 0.000000 -0.000000 0.000000 0.000000 -59.545206 -45.272437 -19.594871 41.971244 -10.228186 -15.276152 24.412016 -5.385192 -14.733053 0.000000 0.000000 0.000000 71.921712 -11.200968 66.945605 397.202537 -7.300198 -356.518079 -95.497956 18.400323 136.158455 0.000000 0.000000 0.000000 -6.373069 -7.840715 -1.161759 -26.650884 5.552625 2.555038 -64.554086 63.984617 124.959950 -0.000000 0.000000 -0.000000 31.155940 8.280497 -0.326386 -19.007111 3.446882 -2.432844 -7.221932 -15.021309 69.294430 0.000000 0.000000 -0.000000
0.000000 0.772983 0.000000 -4.812044 6.464572 0.271915 0.000000 -0.000000 -0.000000 -10.102428 44.333624 5.655801 -0.000000 0.000000 0.000000 -0.000000 0.000000 0.000000 -0.000000 0.000000 -0.000000 -59.493299 -43.172372 -21.748682 38.421303 -7.564037 -15.262679 19.336568 -2.758897 -12.122528 0.000000 0.000000 0.000000 74.159310 -8.367156 66.094998 395.897561 -7.992578 -357.786940 -95.228946 21.962480 136.960480 -0.000000 0.000000 -0.000000 -4.876513 -7.636479 -0.920164 -36.354857 5.179634 2.610545 -117.600400 76.134058 165.008167 0.000000 0.000000 0.000000 27.698594 10.945346 -0.645407 -21.653295 3.162161 -3.295004 -8.153425 -8.769916 65.126313 -0.000000 0.000000 -0.000000
0.000000 0.759415 0.000000 -3.027161 6.973508 0.184489 0.000000 0.000000 0.000000 -10.847207 42.972321 4.934461 0.000000 0.000000 -0.000000 0.000000 0.000000 0.000000 -0.000000 0.000000 -0.000000 -62.074809 -39.036129 -25.725251 35.068895 -4.553458 -15.339989 15.986050 -0.839374 -8.868165 0.000000 0.000000 0.000000 75.841324 -4.358786 66.211418 391.535449 -8.559279 -359.125923 -95.407535 21.932265 137.017565 -0.000000 0.000000 -0.000000 -3.060119 -6.068752 -0.507505 -46.276069 7.050980 3.080953 -171.602998 77.195546 212.965012 -0.000000 0.000000 0.000000 24.781479 12.453099 -0.883324 -25.633149 1.809872 -4.253928 -6.039846 -2.363862 60.193734 -0.000000 0.000000 -0.000000
0.000000 0.746071 0.000000 -1.223538 7.072716 0.075617 -0.000000 0.000000 0.000000 -11.669866 41.847201 4.324427 -0.000000 0.000000 -0.000000 0.000000 -0.000000 -0.000000 -0.000000 0.000000 -0.000000 -66.364278 -33.168870 -30.369216 32.901068 -2.174141 -13.659109 16.591865 -0.011748 -7.972239 -0.000000 0.000000 -0.000000 76.479434 -0.579277 66.963130 388.292471 -9.774286 -360.303046 -96.105049 22.096204 136.204200 -0.000000 0.000000 0.000000 -2.210394 -1.755902 -0.189049 -48.580486 10.638221 2.784105 -196.505827 79.003259 234.576913 0.000000 0.000000 0.000000 22.817304 12.592037 -0.992186 -32.570042 4.520815 -5.143390 -2.719025 4.113267 57.554422 -0.000000 0.000000 0.000000
0.000000 0.738562 0.000000 0.142104 7.048244 -0.008751 0.000000 0.000000 0.000000 -13.113863 40.817992 4.129205 -0.000000 0.000000 -0.000000 -0.000000 0.000000 -0.000000 -0.000000 0.000000 -0.000000 -71.184394 -27.605010 -33.110050 30.379822 -0.405628 -12.558647 12.932222 1.184641 -7.808001 0.000000 0.000000 -0.000000 77.925399 3.455276 67.645392 386.751674 -14.404457 -363.563635 -103.296347 11.898588 140.978672 0.000000 0.000000 0.000000 1.227987 2.056763 0.051101 -50.027603 13.266816 1.807354 -181.012665 85.037927 219.875017 0.000000 0.000000 0.000000 19.945343 13.080710 -1.093350 -35.754273 7.973342 -5.229745 -1.140740 5.981611 59.181357 0.000000 0.000000 -0.000000
0.000000 0.738224 0.000000 0.908839 7.014073 -0.055700 -0.000000 -0.000000 0.000000 -14.571957 39.633982 4.140866 0.000000 -0.000000 -0.000000 -0.000000 0.000000 0.000000 -0.000000 0.000000 -0.000000 -76.596303 -22.104734 -34.276677 27.487591 0.865181 -11.270196 -6.456588 2.725464 -4.557860 0.000000 0.000000 -0.000000 80.913523 7.978425 67.244316 384.496550 -20.777933 -368.284239 -110.143917 -3.453122 147.796475 0.000000 0.000000 0.000000 5.845492 4.573497 0.089049 -51.016496 14.764237 0.646370 -94.944907 84.718033 134.377347 0.000000 0.000000 0.000000 15.784227 14.581017 -1.185027 -33.902850 10.120214 -4.973985 2.090543 0.224822 58.481095 0.000000 0.000000 0.000000
0.000000 0.744593 0.000000 1.244069 6.809070 -0.074013 0.000000 0.000000 -0.000000 -16.383570 38.525299 4.433181 0.000000 0.000000 0.000000 -0.000000 0.000000 -0.000000 -0.000000 0.000000 -0.000000 -79.442643 -19.992918 -32.986263 23.390577 1.602575 -10.251955 -11.136433 1.340863 -0.652093 0.000000 0.000000 0.000000 85.663231 13.551256 66.176937 379.530802 -27.047244 -373.737900 -116.761263 -30.413323 151.989281 0.000000 0.000000 0.000000 11.680631 5.831113 0.037436 -50.850984 14.044994 -0.896777 -67.930521 69.696895 112.577856 -0.000000 0.000000 0.000000 8.852209 16.108827 -0.911283 -25.825584 8.822783 -4.077302 5.742990 -8.802092 55.832482 -0.000000 0.000000 -0.000000
0.000000 0.752248 0.000000 1.151735 6.532466 -0.065730 0.000000 0.000000 0.000000 -17.571009 37.882538 4.756097 -0.000000 0.000000 -0.000000 -0.000000 0.000000 0.000000 -0.000000 0.000000 -0.000000 -80.193317 -19.926137 -31.494950 23.067459 1.865318 -10.766137 -11.148460 -1.077153 2.905975 -0.000000 0.000000 0.000000 90.720853 18.341425 64.433753 375.998117 -29.986611 -376.131619 -128.898384 -59.372855 145.523137 0.000000 0.000000 -0.000000 18.307361 4.493786 0.285435 -51.274936 13.469418 -1.053598 -53.911580 56.383923 104.724314 0.000000 0.000000 -0.000000 1.706738 15.187601 -0.285405 -16.757548 5.813021 -2.541403 8.014348 -13.010074 52.229339 -0.000000 0.000000 -0.000000
0.000000 0.762214 0.000000 0.954198 6.005731 -0.050056 -0.000000 0.000000 0.000000 -18.387762 37.447577 5.071016 0.000000 -0.000000 -0.000000 -0.000000 0.000000 -0.000000 0.000000 0.000000 -0.000000 -81.833025 -19.909766 -29.666788 23.550156 1.881612 -11.409891 -9.556228 -1.762662 3.856751 -0.000000 0.000000 0.000000 94.961038 22.639701 62.975536 375.183214 -30.303750 -375.180064 -146.945276 -70.090376 131.658930 -0.000000 0.000000 -0.000000 22.457945 2.574974 0.662680 -48.528224 12.825924 -0.637473 -38.172297 40.757517 97.659141 0.000000 0.000000 0.000000 -4.212082 12.369773 0.133182 -9.826140 1.527152 -1.424918 9.450590 -10.552186 48.030586 0.000000 0.000000 -0.000000
0.000000 0.770273 0.000000 0.644796 5.389673 -0.030350 -0.000000 -0.000000 0.000000 -19.119357 37.014283 5.412393 -0.000000 0.000000 -0.000000 0.000000 0.000000 0.000000 -0.000000 0.000000 -0.000000 -83.494436 -20.564856 -27.324410 24.666346 1.642629 -12.332664 -7.428805 -1.497759 3.460601 -0.000000 0.000000 0.000000 96.744205 25.313754 62.844479 381.287972 -31.010338 -371.192925 -172.337618 -73.106888 113.430769 -0.000000 0.000000 0.000000 23.275351 2.351340 0.614644 -34.599572 11.221050 -1.191705 -29.079066 22.710001 91.303386 0.000000 0.000000 0.000000 -7.649429 8.689074 0.173089 -9.292496 0.229382 -1.123803 12.027368 -3.494661 45.985897 0.000000 0.000000 -0.000000
0.000000 0.770853 0.000000 0.188753 4.886898 -0.008055 0.000000 0.000000 -0.000000 -19.998033 36.267263 5.766949 -0.000000 0.000000 0.000000 0.000000 -0.000000 -0.000000 0.000000 0.000000 -0.000000 -84.749077 -21.409839 -24.886452 25.821505 1.667252 -13.708552 -6.939548 -0.718673 2.390843 -0.000000 0.000000 0.000000 96.924594 27.800628 64.274578 391.348591 -35.398242 -366.525620 -233.218420 -74.100525 61.476806 -0.000000 0.000000 0.000000 23.658790 2.393969 0.519387 -21.160081 8.953474 -1.513641 -26.785522 10.448975 87.012033 -0.000000 0.000000 -0.000000 -10.080691 6.818200 0.159945 -8.976784 -0.226318 -0.966862 13.347580 1.400389 48.071661 0.000000 0.000000 -0.000000
0.000000 0.762314 0.000000 -0.446964 4.116908 0.016065 -0.000000 0.000000 0.000000 -20.319432 35.269795 5.999014 0.000000 0.000000 0.000000 0.000000 -0.000000 -0.000000 0.000000 0.000000 0.000000 -88.535196 -20.819615 -22.386228 24.804157 3.184371 -15.143665 -8.339107 -1.337305 3.246833 -0.000000 0.000000 -0.000000 96.238215 29.847753 65.805618 403.343850 -44.418236 -361.320395 -285.997573 -60.626672 16.461680 0.000000 0.000000 -0.000000 23.316776 3.089122 0.224363 -9.418031 7.742269 -1.505235 -27.375694 0.659926 85.526025 -0.000000 0.000000 0.000000 -10.033634 6.850513 0.267910 -12.019274 1.380521 -0.898406 15.950870 2.483657 49.416323 -0.000000 0.000000 0.000000
0.000000 0.748340 0.000000 -1.137848 3.430459 0.034074 0.000000 -0.000000 0.000000 -20.319427 33.974626 6.066221 -0.000000 0.000000 -0.000000 0.000000 -0.000000 -0.000000 -0.000000 0.000000 0.000000 -92.462139 -19.710770 -20.196141 20.857410 7.122424 -16.636307 -7.851233 -0.444613 1.697298 -0.000000 0.000000 -0.000000 95.230313 31.280159 67.069657 416.127879 -58.099899 -355.024015 -305.995729 -38.084622 -2.260613 -0.000000 0.000000 -0.000000 23.632391 3.903153 -0.060119 -0.904085 6.514329 -1.308600 -28.000536 -6.855953 86.458359 0.000000 0.000000 0.000000 -9.886151 7.989002 0.476050 -14.592723 2.535205 -0.917405 18.350919 2.414927 49.965681 -0.000000 0.000000 -0.000000
0.000000 0.734777 0.000000 -1.581925 3.105543 0.042885 0.000000 -0.000000 0.000000 -20.137092 33.264220 6.056997 -0.000000 0.000000 0.000000 -0.000000 0.000000 0.000000 -0.000000 0.000000 0.000000 -95.708508 -18.561304 -19.197938 18.247873 12.074988 -19.077871 -14.840217 0.271594 1.205819 0.000000 0.000000 -0.000000 93.862749 31.221765 67.991246 435.494416 -73.684067 -342.008430 -312.955901 -18.093353 -13.777263 -0.000000 0.000000 0.000000 23.931566 3.868397 -0.108094 2.729798 6.909032 -1.378443 -27.516657 -11.265805 86.718441 0.000000 0.000000 0.000000 -11.403027 8.708755 0.683687 -15.018990 3.909500 -0.625492 20.174243 2.358006 48.846382 0.000000 0.000000 -0.000000
0.000000 0.729167 0.000000 -1.546092 2.987036 0.040313 0.000000 0.000000 -0.000000 -20.692475 32.618406 6.083467 -0.000000 0.000000 -0.000000 -0.000000 0.000000 0.000000 0.000000 0.000000 0.000000 -98.804937 -17.114137 -18.684320 15.078612 16.302535 -19.594045 -19.625186 4.000872 -1.285779 0.000000 0.000000 -0.000000 93.664586 31.075522 68.019001 459.278450 -82.039434 -321.016247 -315.197991 -13.183065 -18.459289 -0.000000 0.000000 0.000000 23.767987 2.788585 0.079337 1.001277 7.063485 -1.409313 -23.578525 -12.454544 86.313105 -0.000000 0.000000 -0.000000 -14.187999 9.164469 0.898272 -15.783786 4.859158 -0.373214 23.110516 3.569006 46.236528 -0.000000 0.000000 -0.000000
0.000000 0.732134 0.000000 -0.846544 3.166565 0.023399 0.000000 0.000000 0.000000 -22.080002 32.076495 6.103767 -0.000000 0.000000 -0.000000 0.000000 -0.000000 0.000000 0.000000 0.000000 -0.000000 -99.621669 -16.593555 -18.513833 12.300625 19.461087 -19.774743 -19.653645 9.821477 -4.727499 0.000000 0.000000 0.000000 94.154952 31.119048 67.862429 454.497633 -84.233694 -325.395950 -314.727013 -18.598464 -18.818184 -0.000000 0.000000 -0.000000 23.064965 1.112555 0.426981 -2.911163 7.277712 -1.350478 -20.321010 -10.386752 86.516652 -0.000000 0.000000 -0.000000 -17.094822 8.881113 0.930112 -17.437041 4.958266 -0.344354 26.576407 5.650742 44.182028 0.000000 0.000000 0.000000
0.000000 0.742706 0.000000 0.078383 3.233303 -0.002212 -0.000000 -0.000000 0.000000 -23.046840 31.843420 6.025050 0.000000 -0.000000 -0.000000 0.000000 0.000000 0.000000 -0.000000 0.000000 -0.000000 -100.767655 -16.674140 -18.064887 11.244304 18.454435 -18.102532 -17.018260 10.753137 -4.995986 -0.000000 0.000000 -0.000000 94.389921 31.637319 67.950978 426.899630 -79.588461 -350.093532 -314.696797 -34.150039 -14.036473 0.000000 0.000000 0.000000 22.185053 -0.472494 0.727042 -8.033710 7.245748 -1.089224 -18.391008 -5.246143 85.044754 -0.000000 0.000000 0.000000 -19.397446 7.355484 0.702254 -20.284538 5.498183 0.000180 29.988379 10.207051 41.135092 0.000000 0.000000 0.000000
0.000000 0.759365 0.000000 0.866434 3.200102 -0.024203 0.000000 0.000000 -0.000000 -22.706021 32.568371 5.859306 0.000000 -0.000000 -0.000000 0.000000 -0.000000 -0.000000 0.000000 0.000000 -0.000000 -98.044111 -17.363871 -18.801441 16.636319 11.713900 -16.970637 -19.793085 8.992466 -3.753675 0.000000 0.000000 0.000000 94.109869 30.562228 67.048809 410.853331 -66.003209 -361.387604 -305.346870 -47.659324 -5.013554 0.000000 0.000000 -0.000000 21.128512 -0.576302 0.709732 -15.126023 8.261227 -0.820905 -18.615646 1.969004 86.571763 0.000000 0.000000 -0.000000 -20.582448 5.165491 0.318222 -22.920670 6.698468 0.850859 31.529488 17.504413 37.117735 -0.000000 0.000000 0.000000
0.000000 0.777024 0.000000 1.403763 3.006217 -0.036837 0.000000 0.000000 0.000000 -21.744780 34.005298 5.751351 0.000000 0.000000 0.000000 -0.000000 0.000000 0.000000 0.000000 0.000000 0.000000 -91.921214 -18.462814 -20.668225 20.477578 5.893173 -14.701219 -18.322790 4.908104 -1.511953 0.000000 0.000000 0.000000 93.696448 27.812763 65.174828 400.345009 -51.881031 -366.620481 -288.869023 -62.666087 9.006993 -0.000000 0.000000 0.000000 20.674252 -0.278393 0.604035 -22.960655 10.320631 -0.433376 -23.510109 11.768751 90.952989 0.000000 0.000000 0.000000 -18.026087 2.184734 -0.156964 -31.217912 8.891519 2.457986 32.759365 25.870843 39.234160 0.000000 0.000000 0.000000
0.000000 0.789351 0.000000 1.710113 3.029195 -0.045220 -0.000000 -0.000000 0.000000 -20.633025 35.597712 5.624274 0.000000 -0.000000 -0.000000 0.000000 -0.000000 0.000000 -0.000000 0.000000 0.000000 -85.808573 -19.614474 -23.117674 22.829667 1.230564 -10.621182 -14.035146 1.875054 0.709909 -0.000000 0.000000 -0.000000 93.246385 24.568390 63.399061 389.493261 -41.626009 -371.586447 -212.918932 -81.244004 80.512730 0.000000 0.000000 -0.000000 17.879126 2.318838 0.077544 -25.350212 11.268900 -0.593375 -32.372234 19.785043 95.842134 -0.000000 0.000000 -0.000000 -11.721809 -0.973119 -0.395773 -42.653662 12.427324 5.366546 31.517874 39.202389 38.197518 0.000000 0.000000 0.000000
0.000000 0.795328 0.000000 1.807727 3.428356 -0.054104 -0.000000 -0.000000 -0.000000 -20.216366 36.717562 5.603962 0.000000 0.000000 0.000000 0.000000 -0.000000 -0.000000 -0.000000 0.000000 -0.000000 -80.597605 -20.344002 -25.863614 21.472176 -0.582850 -6.756173 -10.969148 0.689091 1.625557 -0.000000 0.000000 -0.000000 93.579901 21.836494 61.876033 377.447425 -34.044419 -376.557807 -120.116343 -39.308329 165.372307 0.000000 0.000000 0.000000 12.337051 6.341854 -0.416851 -21.201931 9.513393 -1.223226 -41.508194 24.886963 100.216865 0.000000 0.000000 0.000000 -1.464836 -2.272358 -0.037052 -56.683319 16.007363 8.004420 31.178276 58.691456 29.046881 -0.000000 0.000000 -0.000000
0.000000 0.797590 0.000000 1.890537 4.107428 -0.067800 -0.000000 -0.000000 -0.000000 -20.875561 37.315517 5.780687 -0.000000 0.000000 -0.000000 0.000000 -0.000000 0.000000 -0.000000 0.000000 -0.000000 -77.866247 -20.013261 -28.626717 15.694259 -0.294523 -4.204948 -13.696055 2.318450 0.149255 -0.000000 0.000000 0.000000 94.502296 20.399550 61.277301 364.851480 -28.570673 -381.355298 -101.334944 31.332838 163.829673 0.000000 0.000000 -0.000000 6.925201 10.149919 -0.536987 -14.801567 6.734329 -1.506383 -46.809143 24.691285 103.783516 0.000000 0.000000 0.000000 7.018144 -1.192824 0.345074 -63.096301 17.298804 7.239133 19.973012 63.930036 37.744992 0.000000 0.000000 0.000000
0.000000 0.798975 0.000000 1.885044 4.611986 -0.075916 -0.000000 -0.000000 0.000000 -21.532175 37.683144 5.973465 -0.000000 0.000000 0.000000 0.000000 -0.000000 0.000000 -0.000000 0.000000 0.000000 -79.873109 -18.265419 -30.345492 10.712613 0.229739 -3.095775 -16.781051 2.626502 0.691239 -0.000000 0.000000 0.000000 92.771409 18.820927 62.946396 359.763224 -23.970558 -381.732992 -70.960926 59.611634 133.873893 0.000000 0.000000 -0.000000 3.328422 11.479110 -0.391477 -10.617201 4.151695 -1.310490 -44.656799 22.228163 104.198729 0.000000 0.000000 -0.000000 13.444007 1.513612 0.341592 -62.582944 16.255674 3.754767 2.484355 51.543406 61.540576 -0.000000 0.000000 0.000000
0.000000 0.801026 0.000000 1.618064 5.050680 -0.071368 0.000000 0.000000 -0.000000 -21.461122 38.939990 6.222588 0.000000 0.000000 -0.000000 0.000000 0.000000 0.000000 -0.000000 0.000000 0.000000 -78.662605 -18.254287 -32.893185 11.857418 0.404323 -3.451566 -16.957984 3.006444 -0.111235 0.000000 0.000000 -0.000000 88.435956 15.417778 66.390283 360.786506 -19.557567 -378.678252 -62.600172 51.783583 123.436459 0.000000 0.000000 -0.000000 0.704003 9.675011 -0.165841 -9.403067 3.472624 -1.004737 -37.934103 19.753333 103.359418 -0.000000 0.000000 -0.000000 16.379705 4.939525 -0.053698 -54.023433 12.587572 -0.635603 3.261196 25.122935 72.215381 0.000000 0.000000 0.000000
0.000000 0.804032 0.000000 1.202961 5.162163 -0.054230 -0.000000 0.000000 -0.000000 -21.043318 40.569188 6.552485 0.000000 -0.000000 -0.000000 0.000000 -0.000000 0.000000 -0.000000 0.000000 -0.000000 -76.348521 -19.385084 -35.212376 13.579998 0.807047 -4.371728 -17.286358 2.442670 -0.162789 0.000000 0.000000 -0.000000 83.527884 11.143426 69.970003 364.005881 -15.775595 -374.523945 -60.969247 43.656411 117.502869 0.000000 0.000000 -0.000000 -0.472513 5.133763 -0.054048 -12.064282 4.884913 -0.607277 -30.290948 19.453989 103.177543 0.000000 0.000000 0.000000 18.945261 7.994854 -0.560769 -46.068844 6.983590 -3.683949 9.373918 5.458067 73.120934 -0.000000 0.000000 0.000000
0.000000 0.808157 0.000000 0.351106 5.551671 -0.017024 -0.000000 -0.000000 -0.000000 -19.540036 41.609929 6.517233 0.000000 -0.000000 0.000000 -0.000000 0.000000 -0.000000 0.000000 0.000000 -0.000000 -73.359927 -21.278644 -36.943707 17.408324 0.013369 -4.106320 -17.279697 2.904539 -1.220085 0.000000 0.000000 0.000000 79.329592 7.208756 72.593589 366.884226 -12.948792 -370.845000 -59.592930 38.832124 110.898539 -0.000000 0.000000 -0.000000 -2.177763 1.083586 -0.088355 -12.846629 6.470950 0.085776 -25.433593 21.306492 100.840786 -0.000000 0.000000 -0.000000 21.943403 9.930399 -0.887553 -38.083582 2.363870 -4.774202 4.551261 0.821687 69.965168 0.000000 0.000000 0.000000
0.000000 0.811243 0.000000 -1.130062 6.265712 0.061854 0.000000 -0.000000 -0.000000 -17.774974 41.818910 6.433383 -0.000000 0.000000 0.000000 -0.000000 0.000000 0.000000 0.000000 0.000000 -0.000000 -69.825884 -23.760725 -37.686352 21.667147 -0.640524 -3.989516 -8.426505 2.346471 -2.749310 0.000000 0.000000 -0.000000 76.818718 4.013194 73.787249 368.822475 -11.743955 -369.034568 -59.471070 36.135528 108.683824 0.000000 0.000000 0.000000 -4.399971 -0.995854 -0.288987 -10.827476 7.361873 0.560502 -23.199693 22.247600 98.957669 0.000000 0.000000 0.000000 26.136858 10.696619 -0.931322 -30.937617 -0.746983 -4.535767 -2.236651 -1.915856 65.663229 0.000000 0.000000 -0.000000
0.000000 0.812182 0.000000 -2.973153 6.975268 0.181242 0.000000 0.000000 -0.000000 -15.239769 41.587375 6.170041 0.000000 0.000000 0.000000 -0.000000 0.000000 -0.000000 0.000000 0.000000 -0.000000 -67.372223 -26.629947 -36.783333 25.387904 -1.202375 -4.540249 9.210258 0.450562 -3.786144 -0.000000 0.000000 0.000000 75.029468 1.173001 73.597873 368.065583 -12.091172 -370.458921 -52.932791 36.994886 105.141506 0.000000 0.000000 -0.000000 -5.287792 -2.032445 -0.469182 -10.070955 7.865997 0.836558 -21.781346 23.089093 97.969559 0.000000 0.000000 -0.000000 29.059851 10.350392 -0.609553 -21.240186 -3.009761 -3.008792 -7.390938 -9.684028 63.338815 0.000000 0.000000 -0.000000
0.000000 0.805245 0.000000 -4.578467 7.632676 0.305575 -0.000000 0.000000 -0.000000 -13.142574 41.187698 5.963611 -0.000000 0.000000 0.000000 -0.000000 0.000000 -0.000000 0.000000 0.000000 0.000000 -64.445868 -29.948945 -34.930784 27.889245 -2.028878 -4.455006 20.426263 -1.240836 -3.605143 0.000000 0.000000 -0.000000 72.959709 -2.481994 72.827029 368.451708 -12.526325 -371.634243 -49.299267 35.986169 103.655266 0.000000 0.000000 -0.000000 -5.356390 -2.925604 -0.611564 -11.462408 7.928144 1.027469 -21.431170 25.601165 98.167660 -0.000000 0.000000 0.000000 31.860840 8.788835 0.022090 -14.147186 -3.764653 -1.530245 -10.505721 -16.841227 63.501704 0.000000 0.000000 -0.000000
0.000000 0.797379 0.000000 -5.598196 7.847037 0.384260 0.000000 0.000000 0.000000 -11.950764 41.552892 6.023981 -0.000000 0.000000 0.000000 0.000000 -0.000000 -0.000000 -0.000000 0.000000 0.000000 -61.529597 -33.003710 -33.525965 27.938069 -2.413676 -4.203544 21.303845 -1.443395 -5.525057 -0.000000 0.000000 -0.000000 71.657104 -5.804002 71.881594 368.274381 -12.090256 -372.164539 -42.806111 36.160345 99.051581 -0.000000 0.000000 0.000000 -6.466861 -4.260557 -0.893443 -12.779389 7.739202 1.306290 -20.924079 28.648065 99.426434 -0.000000 0.000000 -0.000000 34.356261 5.947920 0.874653 -12.891383 -2.106893 -1.183164 -9.572890 -21.456164 64.281761 -0.000000 0.000000 0.000000
0.000000 0.795134 0.000000 -5.843587 7.663859 0.391740 -0.000000 0.000000 -0.000000 -11.789972 42.455142 6.252689 0.000000 -0.000000 0.000000 -0.000000 0.000000 0.000000 0.000000 0.000000 0.000000 -59.488524 -35.269209 -32.748087 27.672620 -2.606173 -4.056388 21.249934 -1.629482 -5.954090 -0.000000 0.000000 -0.000000 71.329079 -7.943978 71.183158 366.040626 -11.018068 -372.911343 -38.145125 33.672591 93.803363 -0.000000 0.000000 -0.000000 -8.179018 -4.896321 -1.150237 -15.908473 6.851318 1.451257 -23.008794 34.048357 103.184875 0.000000 0.000000 -0.000000 35.216268 3.967422 1.365360 -14.439664 -0.761528 -1.270985 -7.841592 -21.641600 64.509367 -0.000000 0.000000 -0.000000
0.000000 0.797461 0.000000 -5.701486 7.364513 0.367227 0.000000 -0.000000 -0.000000 -12.077265 43.113485 6.443194 0.000000 0.000000 0.000000 -0.000000 0.000000 -0.000000 0.000000 0.000000 -0.000000 -58.427444 -36.262261 -32.512974 27.264897 -2.674341 -3.677908 23.447788 -2.117050 -5.022646 0.000000 0.000000 0.000000 72.327019 -8.252488 70.209502 362.550458 -9.614888 -373.452059 -37.677211 29.462745 90.866228 -0.000000 0.000000 0.000000 -11.356934 -5.663787 -1.582476 -22.323104 4.634316 1.346965 -43.613847 53.399764 115.001134 -0.000000 0.000000 -0.000000 36.774013 4.571235 1.147918 -16.140869 0.551212 -1.649959 -10.093311 -19.359923 66.848233 0.000000 0.000000 -0.000000
0.000000 0.798323 0.000000 -5.057759 7.108514 0.314357 0.000000 0.000000 -0.000000 -13.213422 43.058954 6.587130 0.000000 0.000000 0.000000 -0.000000 0.000000 0.000000 -0.000000 0.000000 0.000000 -58.339759 -36.215487 -31.994727 27.008902 -2.828877 -3.309082 25.348357 -2.535817 -5.395208 0.000000 0.000000 -0.000000 74.397091 -6.816550 69.041052 359.904216 -8.476015 -373.181255 -40.499283 26.501360 92.317364 0.000000 0.000000 -0.000000 -7.627545 -5.084876 -1.038586 -21.888312 6.167178 1.535040 -44.651352 53.383758 110.149533 0.000000 0.000000 -0.000000 31.508701 4.811850 0.857005 -22.772369 1.653331 -2.305658 -4.437992 -11.584350 61.423070 -0.000000 0.000000 -0.000000
0.000000 0.793664 0.000000 -4.222841 6.939363 0.256153 0.000000 0.000000 -0.000000 -13.079113 42.187193 6.055081 0.000000 -0.000000 0.000000 0.000000 0.000000 0.000000 0.000000 0.000000 -0.000000 -59.129298 -35.386313 -30.765001 25.760075 -2.597736 -3.928344 24.262109 -2.222936 -6.651820 -0.000000 0.000000 0.000000 74.832929 -4.771049 68.368614 357.085181 -8.156740 -374.021546 -38.212087 27.104060 90.222667 0.000000 0.000000 0.000000 -0.969067 -5.021004 -0.285206 -28.303639 8.424701 2.050958 -48.362036 64.100866 101.131586 -0.000000 0.000000 0.000000 23.822409 5.072312 0.580406 -32.554286 3.933933 -2.878015 5.667679 -0.896784 57.254932 -0.000000 0.000000 -0.000000
0.000000 0.784973 0.000000 -3.084391 7.259358 0.195705 0.000000 0.000000 0.000000 -12.749043 40.422364 5.164324 -0.000000 0.000000 -0.000000 0.000000 0.000000 0.000000 -0.000000 0.000000 0.000000 -61.512677 -32.626576 -30.812091 25.371047 -2.447894 -3.593354 20.115963 -1.236417 -7.524912 -0.000000 0.000000 -0.000000 74.296704 -1.952422 68.774931 356.669896 -9.391756 -375.455566 -36.444765 31.174764 90.733848 0.000000 0.000000 -0.000000 5.114649 -3.022705 0.377774 -38.940468 11.539915 2.385589 -35.795222 78.538094 76.883281 -0.000000 0.000000 -0.000000 15.771516 6.324460 0.300371 -36.466110 6.050156 -3.068513 12.421760 5.497962 53.719874 -0.000000 0.000000 -0.000000
0.000000 0.774021 0.000000 -1.936461 7.641766 0.129341 -0.000000 0.000000 -0.000000 -12.725998 38.716379 4.423246 -0.000000 0.000000 0.000000 0.000000 0.000000 0.000000 -0.000000 0.000000 0.000000 -65.153389 -28.714741 -31.924156 24.370746 -2.032927 -3.293675 14.144242 0.468664 -8.411901 0.000000 0.000000 -0.000000 73.957129 0.636746 69.127020 359.522391 -10.355967 -374.146163 -38.007777 35.518423 92.089897 -0.000000 0.000000 -0.000000 7.162787 -0.015177 0.479317 -46.422181 13.866259 2.047149 9.660686 81.866608 28.772636 -0.000000 0.000000 0.000000 11.116850 7.788203 0.117477 -36.909892 7.052198 -3.328155 15.389918 7.124597 50.662220 0.000000 0.000000 -0.000000
0.000000 0.759728 0.000000 -1.082909 8.106425 0.076737 -0.000000 0.000000 -0.000000 -12.912567 37.336428 3.922934 0.000000 -0.000000 -0.000000 -0.000000 -0.000000 -0.000000 0.000000 0.000000 0.000000 -69.850163 -24.073153 -33.636915 22.981252 -1.417679 -3.311296 2.527988 3.601062 -9.222898 0.000000 0.000000 -0.000000 74.223555 3.582003 69.970971 364.025430 -10.939559 -371.170795 -41.950139 39.725048 93.282115 -0.000000 0.000000 -0.000000 6.692623 2.710401 0.342189 -52.231802 13.926964 0.849198 84.007449 77.169052 -49.837325 0.000000 0.000000 0.000000 10.598637 9.502213 -0.040819 -34.554647 6.643491 -3.941746 13.186501 4.500179 51.068395 0.000000 0.000000 0.000000
0.000000 0.752575 0.000000 -0.790355 8.588650 0.059349 0.000000 0.000000 0.000000 -13.511408 36.330969 3.787534 0.000000 -0.000000 -0.000000 -0.000000 0.000000 0.000000 -0.000000 0.000000 0.000000 -75.448567 -19.526738 -34.680832 21.921501 -0.555376 -4.365364 -6.658894 4.459127 -6.219970 0.000000 0.000000 -0.000000 76.786548 7.024388 69.765493 368.721907 -13.003004 -369.772252 -51.075682 44.246160 100.692218 0.000000 0.000000 -0.000000 3.282345 3.297050 0.175023 -53.650354 11.769081 -0.317373 112.447600 69.322827 -81.946837 0.000000 0.000000 -0.000000 14.002842 11.609651 -0.295990 -27.044455 4.681912 -4.246897 4.094882 -3.146436 54.625632 0.000000 0.000000 -0.000000
0.000000 0.755930 0.000000 -0.590864 8.637286 0.044621 -0.000000 0.000000 -0.000000 -14.833052 36.118620 4.029088 -0.000000 0.000000 -0.000000 -0.000000 0.000000 0.000000 0.000000 0.000000 0.000000 -80.307732 -16.555689 -34.583815 22.036561 0.068678 -5.611009 -10.678988 2.800036 -2.233718 0.000000 0.000000 0.000000 81.749883 10.403820 67.737257 373.966091 -16.023197 -369.182171 -76.006499 41.732683 124.745690 0.000000 0.000000 0.000000 7.681723 2.846803 0.405045 -48.095539 13.383821 0.028418 -66.921458 79.030522 -251.310930 -0.000000 0.000000 0.000000 10.866422 11.239179 -0.192864 -21.078294 2.300176 -3.471744 2.543235 -3.100255 51.191168 -0.000000 0.000000 -0.000000
0.000000 0.765883 0.000000 -0.610342 8.370146 0.044661 -0.000000 0.000000 -0.000000 -15.862239 36.640986 4.427237 0.000000 -0.000000 -0.000000 -0.000000 0.000000 0.000000 -0.000000 0.000000 0.000000 -81.992148 -16.643330 -33.970443 22.792807 0.973396 -7.834271 -7.848448 -0.459068 1.726816 -0.000000 0.000000 0.000000 86.736428 13.406217 65.674991 376.123350 -19.741099 -370.614863 -100.408603 17.752464 147.365497 0.000000 0.000000 -0.000000 13.682914 0.907969 0.901845 -44.755611 14.538796 0.528654 -44.486675 51.710703 -261.336425 -0.000000 0.000000 0.000000 5.532359 10.003258 -0.026438 -16.180609 1.136560 -2.510274 4.223377 -4.335863 53.189170 0.000000 0.000000 0.000000
0.000000 0.771734 0.000000 -0.572503 7.959230 0.039829 0.000000 -0.000000 -0.000000 -16.943926 36.937608 4.816229 -0.000000 0.000000 0.000000 0.000000 -0.000000 0.000000 -0.000000 0.000000 -0.000000 -83.947668 -17.079612 -32.600994 24.398419 1.499877 -10.039257 -1.100627 -3.500615 5.639750 -0.000000 0.000000 0.000000 91.654653 16.590971 63.465273 378.002624 -25.475557 -373.035375 -116.913224 -28.964532 156.066042 0.000000 0.000000 -0.000000 19.110401 0.591173 1.244775 -39.617062 15.871768 0.116507 -34.759430 30.576097 -263.788263 -0.000000 0.000000 -0.000000 -2.121355 10.135308 0.091636 -8.863393 0.235115 -1.393545 5.639044 -6.066794 53.914575 -0.000000 0.000000 0.000000
0.000000 0.769432 0.000000 -0.419440 7.208275 0.026419 0.000000 0.000000 0.000000 -18.227352 36.919394 5.227365 0.000000 0.000000 0.000000 -0.000000 0.000000 -0.000000 -0.000000 0.000000 0.000000 -85.788071 -18.472695 -29.963556 25.856144 1.893544 -12.528894 1.977170 -4.905346 7.733620 -0.000000 0.000000 -0.000000 95.432970 19.547688 61.778306 380.915813 -31.438036 -374.341419 -138.187204 -68.201819 143.454120 0.000000 0.000000 -0.000000 21.693783 1.524282 1.096604 -30.072465 15.724978 -0.991048 -30.802060 14.778291 -265.595332 -0.000000 0.000000 0.000000 -7.757016 11.315134 0.323767 -5.675631 -0.724322 -1.018046 7.920871 -5.409908 53.165919 -0.000000 0.000000 -0.000000
0.000000 0.760268 0.000000 -0.410413 6.073897 0.021774 0.000000 0.000000 0.000000 -18.885345 36.215633 5.448479 0.000000 0.000000 -0.000000 0.000000 -0.000000 0.000000 -0.000000 0.000000 -0.000000 -87.656258 -20.445690 -25.897160 25.986245 2.882219 -15.428560 -1.827978 -3.621076 5.712765 0.000000 0.000000 -0.000000 97.307612 23.861870 61.845549 386.749036 -37.254314 -372.191778 -219.430892 -79.865794 69.902684 0.000000 0.000000 0.000000 23.136259 3.217359 0.597658 -18.607482 13.620817 -1.980593 -34.910805 8.839175 -268.077558 -0.000000 0.000000 0.000000 -11.032079 13.191566 0.744601 -5.967460 -1.419446 -1.237909 10.375806 -2.794318 51.691805 0.000000 0.000000 -0.000000
0.000000 0.745652 0.000000 -0.732142 4.650714 0.029731 0.000000 -0.000000 0.000000 -18.814354 35.224437 5.561262 -0.000000 0.000000 0.000000 0.000000 -0.000000 0.000000 0.000000 0.000000 -0.000000 -88.719773 -22.568091 -21.485760 26.794061 3.385459 -17.910902 -3.058807 -2.196910 3.774349 0.000000 0.000000 0.000000 97.077368 28.431411 63.604506 394.024056 -48.917587 -369.940382 -289.164111 -66.049158 8.287261 0.000000 0.000000 0.000000 22.978044 5.241413 -0.086839 -6.500537 9.673658 -1.918659 -34.652784 -0.803824 -267.170431 0.000000 0.000000 -0.000000 -10.067801 14.840526 1.005739 -10.638650 -1.578607 -2.150350 13.941816 -1.162996 50.539535 -0.000000 0.000000 0.000000
0.000000 0.730270 0.000000 -1.275306 3.114367 0.034670 -0.000000 0.000000 -0.000000 -18.333359 34.576771 5.703056 -0.000000 0.000000 -0.000000 0.000000 0.000000 0.000000 0.000000 0.000000 0.000000 -90.958682 -23.026973 -18.372383 25.709202 4.367765 -18.576139 -5.897071 -1.355160 2.925773 0.000000 0.000000 0.000000 96.307101 32.048976 65.404403 402.443030 -62.053311 -365.708091 -306.318253 -45.705333 -5.321436 0.000000 0.000000 -0.000000 22.907085 6.293978 -0.574756 1.638425 6.413055 -1.191889 -29.805107 -9.533008 -266.880542 -0.000000 0.000000 -0.000000 -8.671050 15.465872 1.121605 -15.887209 -0.663512 -2.809625 18.635548 -1.384189 51.059535 -0.000000 0.000000 0.000000
0.000000 0.718480 0.000000 -1.946929 2.121439 0.036051 -0.000000 0.000000 -0.000000 -17.889231 34.563582 5.927589 0.000000 -0.000000 0.000000 -0.000000 0.000000 0.000000 -0.000000 0.000000 0.000000 -92.926136 -22.046689 -17.687773 22.654081 6.170280 -17.919132 -11.551191 -1.095626 3.236703 -0.000000 0.000000 -0.000000 93.307637 33.842625 69.104208 418.027914 -71.937879 -353.699213 -310.993473 -34.018126 -9.413919 0.000000 0.000000 0.000000 23.393952 6.109503 -0.720985 5.165744 4.666541 -0.725110 -23.654052 -15.826282 -268.174721 0.000000 0.000000 -0.000000 -9.486562 14.793277 1.315890 -18.049837 0.903807 -2.537032 22.389114 -1.259319 50.979832 0.000000 0.000000 -0.000000
0.000000 0.715626 0.000000 -2.229760 1.858784 0.036177 -0.000000 0.000000 -0.000000 -17.458620 34.669596 5.944867 0.000000 -0.000000 0.000000 -0.000000 0.000000 -0.000000 0.000000 0.000000 0.000000 -96.842948 -19.391497 -18.420956 17.289003 8.612918 -15.773498 -15.363008 -1.938411 4.058922 -0.000000 0.000000 0.000000 89.439262 33.657493 72.750421 438.508838 -76.217217 -336.009426 -313.110866 -29.206802 -10.806168 -0.000000 0.000000 0.000000 24.166924 5.151443 -0.603079 3.257267 4.089532 -0.711960 -17.422774 -18.857241 -269.342772 -0.000000 0.000000 0.000000 -13.403772 13.839638 1.693338 -17.575673 2.065387 -1.923823 25.735842 0.145605 48.985318 0.000000 0.000000 -0.000000
0.000000 0.724694 0.000000 -1.735177 2.154269 0.032627 -0.000000 0.000000 -0.000000 -17.725422 34.874579 5.864548 0.000000 -0.000000 -0.000000 -0.000000 0.000000 -0.000000 0.000000 0.000000 0.000000 -100.949004 -17.173532 -19.174065 12.956220 10.845429 -14.315910 -18.362284 -1.554487 3.736380 -0.000000 0.000000 0.000000 85.734970 32.291261 75.907720 436.588997 -72.975540 -337.702287 -310.007721 -36.625373 -6.530221 0.000000 0.000000 -0.000000 24.419771 4.070898 -0.352374 -1.768003 4.657313 -0.959634 -16.475009 -15.407030 -270.399051 -0.000000 0.000000 0.000000 -17.620725 13.074732 1.908529 -17.997775 2.608599 -1.673868 29.216034 2.452323 46.792996 0.000000 0.000000 0.000000
0.000000 0.741017 0.000000 -0.778095 2.623266 0.017816 -0.000000 0.000000 -0.000000 -17.891683 34.887030 5.540801 0.000000 0.000000 0.000000 -0.000000 0.000000 -0.000000 -0.000000 0.000000 -0.000000 -103.428786 -16.020295 -19.501560 11.013137 12.560599 -14.191499 -20.679166 -0.620085 3.136626 0.000000 0.000000 0.000000 83.604146 31.129443 77.169893 437.289072 -71.864152 -337.379130 -311.031266 -41.809806 -4.480797 0.000000 0.000000 0.000000 24.265000 2.898501 -0.039467 -7.979875 5.175692 -1.088903 -20.968244 -4.844888 -272.540669 -0.000000 0.000000 -0.000000 -21.212688 10.624352 1.581480 -18.994496 3.346658 -1.109996 30.945930 9.711297 43.118266 0.000000 0.000000 0.000000
0.000000 0.762775 0.000000 0.333856 2.841058 -0.008279 -0.000000 -0.000000 0.000000 -17.557016 34.927011 5.057173 0.000000 0.000000 0.000000 0.000000 -0.000000 -0.000000 -0.000000 0.000000 0.000000 -104.964279 -14.978322 -19.747666 12.784893 11.899891 -14.498630 -21.039169 0.226347 2.672060 0.000000 0.000000 0.000000 83.295550 30.846275 76.394269 430.526515 -71.963517 -343.261297 -311.730106 -39.727994 -5.791913 0.000000 0.000000 0.000000 23.259767 2.495665 0.063936 -15.699558 5.573927 -1.102724 -25.502924 7.652375 -271.099209 -0.000000 0.000000 0.000000 -21.572343 7.291921 0.829272 -22.547245 5.808775 0.201219 31.975769 18.526993 37.458584 -0.000000 0.000000 0.000000
0.000000 0.782875 0.000000 1.143825 2.880324 -0.028758 0.000000 0.000000 -0.000000 -16.700495 35.073023 4.558046 0.000000 0.000000 0.000000 0.000000 -0.000000 -0.000000 -0.000000 0.000000 0.000000 -103.107254 -15.247977 -20.189230 18.755011 9.039437 -15.979094 -21.496487 0.786053 2.348966 0.000000 0.000000 0.000000 85.516391 30.358037 72.580976 412.607737 -65.373218 -357.696346 -306.898697 -45.607554 -3.080178 -0.000000 0.000000 0.000000 22.595960 1.629097 0.234429 -24.796159 6.507898 -0.882039 -30.854330 20.455095 -266.612786 -0.000000 0.000000 -0.000000 -18.530972 3.512498 0.068056 -30.284559 9.750350 2.524422 32.909606 25.498761 36.854701 -0.000000 0.000000 0.000000
0.000000 0.795637 0.000000 1.339327 2.763421 -0.032306 -0.000000 0.000000 -0.000000 -15.925649 35.250122 4.304403 -0.000000 -0.000000 -0.000000 0.000000 0.000000 0.000000 0.000000 0.000000 -0.000000 -96.316394 -17.258912 -20.921684 24.216027 4.867431 -15.987562 -21.746217 1.528347 1.784503 0.000000 0.000000 -0.000000 87.409321 28.432233 68.654406 398.571160 -52.544816 -366.207315 -290.020719 -63.769285 10.484696 0.000000 0.000000 0.000000 19.953951 1.227959 0.256508 -29.021938 8.590624 -0.396054 -35.409220 26.272089 -260.696862 -0.000000 0.000000 0.000000 -11.200794 -0.423757 -0.307287 -41.492811 14.128500 5.933224 34.431054 35.181635 30.965700 0.000000 0.000000 -0.000000
0.000000 0.801795 0.000000 1.299544 2.781288 -0.031549 0.000000 0.000000 -0.000000 -14.995938 36.050847 4.143807 0.000000 -0.000000 -0.000000 -0.000000 0.000000 0.000000 0.000000 0.000000 0.000000 -88.604285 -19.031743 -22.754521 26.396471 1.407173 -13.198844 -17.587156 2.050380 0.600449 -0.000000 0.000000 -0.000000 87.726830 25.366729 66.154622 387.194607 -40.612357 -371.012568 -183.732855 -77.483469 109.497542 -0.000000 0.000000 0.000000 13.171898 2.315208 0.027684 -23.864494 10.563956 -0.181303 -40.240095 25.228930 -254.916947 0.000000 0.000000 -0.000000 -0.066968 -3.352136 0.034395 -55.409332 19.070815 10.108943 37.259688 48.203006 19.349821 -0.000000 0.000000 0.000000
0.000000 0.804252 0.000000 1.220094 2.890793 -0.030787 0.000000 0.000000 0.000000 -15.306281 37.479162 4.451059 0.000000 0.000000 0.000000 -0.000000 0.000000 -0.000000 0.000000 0.000000 0.000000 -81.597554 -20.922731 -25.253694 22.957304 0.492583 -9.702955 -14.973999 1.770852 0.482670 0.000000 0.000000 0.000000 87.761717 22.037758 65.122601 375.664310 -33.519602 -376.435268 -122.566952 -42.105166 158.959821 -0.000000 0.000000 -0.000000 7.361284 5.002439 -0.189585 -15.519037 11.796465 -0.353876 -43.203969 19.295077 -251.519369 -0.000000 0.000000 0.000000 10.991603 -2.719934 0.569161 -65.161345 20.919129 10.443926 30.077911 58.384906 22.931576 0.000000 0.000000 0.000000
0.000000 0.807785 0.000000 1.120026 3.239940 -0.031677 -0.000000 0.000000 -0.000000 -15.907124 39.372470 4.914899 -0.000000 0.000000 -0.000000 0.000000 -0.000000 -0.000000 0.000000 0.000000 0.000000 -76.919896 -21.588822 -29.243709 16.324861 -0.242380 -4.661195 -18.320597 3.784063 -0.960116 -0.000000 0.000000 -0.000000 85.506529 18.489259 67.030636 369.299506 -27.139211 -377.732345 -102.213472 16.312162 155.508811 0.000000 0.000000 0.000000 2.961649 6.513592 -0.148739 -9.369252 10.497022 -0.315576 -43.750343 18.117776 -251.998844 -0.000000 0.000000 0.000000 18.367220 -0.201026 0.559309 -65.568071 18.772191 6.361728 -2.490883 56.395960 61.417122 0.000000 0.000000 0.000000
0.000000 0.814159 0.000000 1.222011 3.688833 -0.039353 -0.000000 -0.000000 0.000000 -16.360570 41.190473 5.252716 0.000000 -0.000000 0.000000 0.000000 0.000000 0.000000 0.000000 0.000000 0.000000 -77.305175 -19.488510 -33.987444 10.575776 -0.489067 -1.741336 -21.348149 5.543099 -1.900677 0.000000 0.000000 0.000000 82.268517 14.377234 69.565555 366.662296 -22.205847 -377.038052 -77.342268 45.285583 133.392984 0.000000 0.000000 0.000000 -0.192649 5.601118 -0.056587 -7.677510 8.526259 -0.128710 -43.155028 22.739508 -254.175061 -0.000000 0.000000 -0.000000 19.961854 2.885170 0.111178 -56.392467 14.064879 1.288786 -2.812652 30.721804 74.808856 0.000000 0.000000 -0.000000
0.000000 0.821030 0.000000 1.054901 4.366836 -0.040221 0.000000 0.000000 -0.000000 -16.834172 42.315443 5.578692 -0.000000 0.000000 -0.000000 -0.000000 0.000000 0.000000 -0.000000 0.000000 0.000000 -75.662167 -19.189228 -37.368275 12.444839 -0.899652 -1.084353 -18.782825 5.339483 -2.953532 0.000000 0.000000 0.000000 79.746040 10.324314 71.429468 366.446016 -17.918429 -374.754305 -64.135702 44.814514 118.319258 0.000000 0.000000 -0.000000 -1.301707 2.152003 -0.044998 -11.190924 6.686863 0.031368 -39.960420 30.004224 -256.345267 0.000000 0.000000 -0.000000 19.946548 7.132155 -0.555316 -44.544374 6.961161 -3.000157 5.432066 8.716475 72.737451 -0.000000 0.000000 0.000000
0.000000 0.825921 0.000000 0.329450 5.231185 -0.015050 0.000000 0.000000 0.000000 -16.940299 42.233393 5.778596 0.000000 0.000000 0.000000 0.000000 -0.000000 -0.000000 -0.000000 0.000000 -0.000000 -71.542213 -21.932356 -37.916593 17.422834 -0.665910 -2.391003 -7.593596 4.213522 -5.491241 -0.000000 0.000000 -0.000000 77.800183 7.088053 72.596767 366.878558 -14.123189 -371.819345 -63.265838 36.804411 112.366610 -0.000000 0.000000 -0.000000 -2.957013 -1.411556 -0.167393 -12.845260 7.356006 0.571364 -38.128150 36.656979 -260.105985 -0.000000 0.000000 0.000000 21.195888 10.268352 -0.981032 -33.653010 0.098794 -4.501346 3.013366 1.337416 62.820995 0.000000 0.000000 0.000000
0.000000 0.825001 0.000000 -0.951216 6.315810 0.052481 -0.000000 0.000000 -0.000000 -16.246037 41.753566 5.821813 -0.000000 0.000000 0.000000 0.000000 0.000000 0.000000 -0.000000 0.000000 0.000000 -67.841921 -25.667279 -36.841734 23.570861 -0.736380 -4.570433 11.741890 1.322755 -7.002547 0.000000 0.000000 0.000000 76.749111 4.999428 73.346509 365.575474 -11.142167 -370.034768 -61.908789 30.881411 105.444000 0.000000 0.000000 0.000000 -6.068881 -3.572836 -0.553490 -10.203155 9.404731 1.185218 -36.389936 38.405994 -263.499249 -0.000000 0.000000 0.000000 24.831307 9.496707 -0.626521 -25.125872 -2.211736 -3.423347 -3.990972 -2.931796 56.403862 -0.000000 0.000000 -0.000000
0.000000 0.817937 0.000000 -2.716916 7.195412 0.170857 0.000000 0.000000 0.000000 -15.124766 41.248371 5.941334 0.000000 -0.000000 -0.000000 -0.000000 0.000000 -0.000000 0.000000 0.000000 0.000000 -64.769243 -29.939996 -34.115475 28.589277 -1.475879 -7.026083 27.428690 -1.464845 -5.291367 0.000000 0.000000 0.000000 76.600363 3.415597 73.214503 362.752405 -10.497810 -371.464842 -59.009701 27.358649 102.342333 -0.000000 0.000000 -0.000000 -6.643131 -3.453734 -0.700118 -9.253008 11.624255 1.613382 -32.366260 31.961663 -262.891756 -0.000000 0.000000 -0.000000 29.703756 7.447229 0.109935 -19.027042 -2.586536 -2.168250 -8.515592 -10.735128 55.563853 0.000000 0.000000 -0.000000
0.000000 0.807232 0.000000 -4.445049 7.611665 0.295842 0.000000 0.000000 0.000000 -13.298504 41.190162 5.964598 -0.000000 0.000000 -0.000000 0.000000 -0.000000 0.000000 0.000000 0.000000 0.000000 -62.064170 -33.914816 -31.004149 31.431681 -2.746005 -8.061307 31.847010 -2.771010 -6.620985 0.000000 0.000000 -0.000000 75.716178 1.046249 72.614002 360.938449 -9.282171 -371.704801 -56.825335 23.990236 99.696381 0.000000 0.000000 -0.000000 -6.063320 -2.608719 -0.643661 -11.696017 11.764532 1.808633 -26.794161 25.824052 -259.811578 -0.000000 0.000000 -0.000000 34.862549 5.822918 0.785466 -16.076228 -2.223645 -1.505127 -10.280446 -18.107637 59.227174 0.000000 0.000000 -0.000000
0.000000 0.794817 0.000000 -5.409504 7.669510 0.362863 -0.000000 0.000000 -0.000000 -11.719801 41.402450 5.862958 0.000000 -0.000000 -0.000000 -0.000000 0.000000 -0.000000 0.000000 0.000000 0.000000 -59.543789 -36.878285 -28.364802 31.455668 -3.452300 -8.236986 33.694126 -3.831974 -8.321870 -0.000000 0.000000 -0.000000 74.520565 -1.924731 71.250777 359.520923 -8.266781 -371.943577 -50.399218 24.565231 97.881726 -0.000000 0.000000 0.000000 -6.013383 -2.343361 -0.638356 -16.249538 10.940836 1.941594 -27.203076 28.939527 -256.329614 -0.000000 0.000000 -0.000000 37.057564 4.106688 1.377820 -15.703222 -1.049637 -1.350681 -8.011731 -22.992054 63.486039 0.000000 0.000000 0.000000
0.000000 0.780851 0.000000 -5.727665 7.720775 0.386816 -0.000000 0.000000 0.000000 -10.670371 41.433200 5.647753 0.000000 -0.000000 -0.000000 -0.000000 0.000000 0.000000 -0.000000 0.000000 0.000000 -58.043228 -38.436115 -26.640527 31.380865 -4.081751 -7.104263 32.128873 -4.482167 -10.113751 -0.000000 0.000000 0.000000 73.827448 -3.971626 69.719345 357.927905 -7.497660 -372.302304 -45.847847 23.984878 94.797071 0.000000 0.000000 0.000000 -6.836829 -2.555884 -0.744111 -21.495691 8.053521 1.479580 -34.444696 39.140923 -250.182949 -0.000000 0.000000 0.000000 37.515076 4.410310 1.334586 -18.113778 0.040120 -1.785329 -4.370144 -25.218936 67.721486 0.000000 0.000000 -0.000000
0.000000 0.766046 0.000000 -5.147866 7.804871 0.351401 0.000000 -0.000000 -0.000000 -10.225060 41.205415 5.232740 -0.000000 0.000000 -0.000000 -0.000000 0.000000 0.000000 0.000000 0.000000 -0.000000 -58.390012 -38.537754 -25.960097 31.662036 -4.479780 -6.307059 28.210353 -4.170002 -11.245865 -0.000000 0.000000 0.000000 73.374781 -4.852128 68.464718 356.156622 -6.447838 -371.975604 -43.326442 22.841739 91.698738 0.000000 0.000000 -0.000000 -8.005876 -2.973804 -0.890548 -27.158920 5.557422 0.856410 -50.969598 54.752793 -242.031165 0.000000 0.000000 -0.000000 36.420709 5.950925 0.874038 -21.182938 0.824866 -2.470096 -2.936650 -24.084462 68.840117 0.000000 0.000000 0.000000
0.000000 0.752967 0.000000 -3.999768 7.893707 0.276075 0.000000 0.000000 0.000000 -10.098391 41.167684 4.733226 0.000000 0.000000 0.000000 -0.000000 0.000000 -0.000000 0.000000 0.000000 -0.000000 -59.508526 -38.286057 -25.952715 30.784237 -4.363057 -6.347024 24.214805 -3.256295 -11.037233 -0.000000 0.000000 -0.000000 73.270786 -4.647762 67.928147 354.798579 -5.670720 -371.416687 -40.391099 23.994735 89.369129 0.000000 0.000000 0.000000 -10.001469 -3.912002 -1.171847 -31.813694 4.337782 0.689401 -81.189567 70.087246 -223.067204 -0.000000 0.000000 0.000000 34.213622 6.419545 0.677137 -25.231150 2.036003 -3.080105 -3.327748 -17.748391 67.472033 0.000000 0.000000 0.000000
0.000000 0.742920 0.000000 -2.734962 8.023680 0.191851 0.000000 0.000000 0.000000 -10.038287 41.083287 4.202307 0.000000 0.000000 0.000000 -0.000000 0.000000 -0.000000 -0.000000 0.000000 -0.000000 -61.590178 -37.048695 -27.115319 29.111294 -3.818674 -6.259566 22.606165 -2.578179 -10.088391 0.000000 0.000000 0.000000 73.205906 -3.470636 68.232819 354.527127 -6.252830 -372.105753 -38.168988 26.433273 87.192228 -0.000000 0.000000 -0.000000 -10.278275 -4.276826 -1.209040 -36.837973 4.537215 0.851749 -158.331540 79.170194 -159.189008 -0.000000 0.000000 -0.000000 31.918442 6.691607 0.541495 -29.724893 4.310159 -3.629079 -2.974954 -11.702038 63.207965 -0.000000 0.000000 -0.000000
0.000000 0.736260 0.000000 -1.672361 7.900110 0.115486 0.000000 0.000000 0.000000 -9.265286 40.878902 3.533576 0.000000 -0.000000 -0.000000 -0.000000 0.000000 -0.000000 -0.000000 0.000000 -0.000000 -65.364919 -34.191174 -29.116412 27.996833 -3.144312 -6.304838 18.126334 -1.175736 -9.298496 0.000000 0.000000 -0.000000 72.777181 -1.693246 68.597721 354.870053 -6.705301 -372.069182 -34.642692 30.918598 85.355837 -0.000000 0.000000 0.000000 -7.678286 -4.379165 -0.887257 -44.983953 6.187764 1.697398 -201.952514 76.972954 -118.460298 -0.000000 0.000000 0.000000 30.680238 6.667135 0.437033 -35.456477 6.887349 -3.933656 -0.822528 -5.904260 58.401373 0.000000 0.000000 0.000000
0.000000 0.734893 0.000000 -0.741729 7.790423 0.050504 -0.000000 0.000000 0.000000 -9.512926 40.338873 3.205388 0.000000 -0.000000 -0.000000 -0.000000 0.000000 0.000000 0.000000 0.000000 0.000000 -69.084571 -29.887363 -31.980538 25.870182 -2.280489 -5.125157 15.044744 -0.173566 -7.621249 -0.000000 0.000000 0.000000 73.175740 0.362031 68.694770 356.601559 -7.999772 -372.309753 -36.867250 35.163230 90.625684 -0.000000 0.000000 0.000000 -4.530885 -2.400905 -0.418650 -50.420776 10.497360 2.986579 -226.803600 78.670673 -92.803454 0.000000 0.000000 0.000000 27.406623 7.222343 0.186296 -38.075093 8.412427 -4.005515 2.446602 -2.204051 53.339710 0.000000 0.000000 0.000000
0.000000 0.737677 0.000000 -0.237238 7.949071 0.016483 0.000000 0.000000 0.000000 -10.136959 39.311171 3.084721 0.000000 0.000000 0.000000 -0.000000 0.000000 0.000000 0.000000 0.000000 -0.000000 -73.078921 -25.468968 -33.749166 24.210229 -1.441680 -5.125702 6.767892 1.294603 -5.791112 -0.000000 0.000000 -0.000000 74.122236 2.346465 68.448437 361.810690 -9.975868 -371.257760 -47.514609 37.724953 100.720583 0.000000 0.000000 0.000000 1.335461 0.101205 0.091825 -55.186716 13.667892 2.840162 -260.145691 86.714053 -55.290766 -0.000000 0.000000 -0.000000 22.539869 8.116578 -0.016863 -36.879987 8.658910 -4.001988 4.702770 -1.258675 52.988782 0.000000 0.000000 -0.000000
0.000000 0.744784 0.000000 0.397258 7.969919 -0.027674 0.000000 0.000000 0.000000 -12.475022 38.491514 3.443639 0.000000 -0.000000 -0.000000 -0.000000 0.000000 0.000000 0.000000 0.000000 -0.000000 -76.953877 -21.446337 -34.561645 22.013698 -0.443778 -5.677349 -2.608996 0.972345 -1.317554 -0.000000 0.000000 0.000000 77.778617 5.431122 67.385137 367.408134 -12.839896 -370.694343 -63.520027 38.500512 115.881591 -0.000000 0.000000 -0.000000 6.126618 2.133482 0.306114 -55.238827 15.563691 1.968275 -399.103387 74.486531 90.583546 -0.000000 0.000000 -0.000000 16.653930 9.036065 -0.189272 -32.312410 7.664864 -3.780906 6.434864 -4.843897 56.013462 -0.000000 0.000000 -0.000000
0.000000 0.754278 0.000000 1.001233 7.930112 -0.069401 0.000000 0.000000 -0.000000 -15.241688 38.128457 3.980523 -0.000000 0.000000 -0.000000 0.000000 0.000000 0.000000 0.000000 0.000000 -0.000000 -80.459239 -19.317156 -34.031296 21.008312 1.067590 -8.051524 -7.168136 -1.455745 3.238080 -0.000000 0.000000 -0.000000 82.990273 8.572435 65.427953 374.111140 -16.511004 -370.250567 -87.556125 28.515160 137.212346 -0.000000 0.000000 -0.000000 10.120032 3.086251 0.404227 -51.173195 15.989893 0.826076 -400.549249 53.996813 98.588201 0.000000 0.000000 -0.000000 9.170212 9.418053 -0.203351 -24.660888 6.308637 -2.978549 6.228942 -6.416796 57.708194 -0.000000 0.000000 0.000000
0.000000 0.765613 0.000000 1.404903 7.484551 -0.091897 0.000000 0.000000 -0.000000 -17.918077 38.409991 4.719589 -0.000000 0.000000 -0.000000 -0.000000 0.000000 0.000000 0.000000 0.000000 0.000000 -82.682509 -17.910251 -33.772600 20.360159 1.743182 -8.706601 -7.742639 -3.964297 6.463897 -0.000000 0.000000 0.000000 88.977674 12.022184 63.122967 378.567504 -21.467735 -371.527099 -107.158207 0.553277 153.625905 0.000000 0.000000 0.000000 14.911794 3.232643 0.520187 -45.234477 13.740722 -0.659327 -400.622803 41.252942 100.926211 0.000000 0.000000 0.000000 1.534461 10.320504 -0.165537 -16.349637 3.853537 -2.127583 6.569964 -7.707543 57.228534 -0.000000 0.000000 0.000000
0.000000 0.778078 0.000000 1.591337 6.464647 -0.089876 0.000000 0.000000 -0.000000 -19.411344 38.866689 5.337971 -0.000000 0.000000 -0.000000 0.000000 -0.000000 -0.000000 0.000000 0.000000 -0.000000 -85.595587 -16.977399 -32.508793 19.040855 2.101901 -8.778702 -10.162811 -5.004695 7.515088 0.000000 0.000000 0.000000 93.650830 15.197190 60.938319 381.527682 -25.729818 -372.330629 -118.919126 -35.446043 160.474178 -0.000000 0.000000 -0.000000 19.264469 1.777435 0.774727 -37.381940 11.179424 -0.974383 -391.231498 25.011902 98.656470 0.000000 0.000000 0.000000 -5.277577 10.217974 0.032174 -11.347556 2.294918 -1.374668 9.479240 -7.046762 54.107459 0.000000 0.000000 0.000000
0.000000 0.785136 0.000000 1.520422 5.076253 -0.067401 0.000000 0.000000 -0.000000 -20.204537 39.534452 5.962298 0.000000 -0.000000 0.000000 -0.000000 0.000000 -0.000000 0.000000 0.000000 0.000000 -87.016401 -16.381458 -31.575249 20.014043 1.407507 -8.256042 -8.531387 -5.567323 8.198344 -0.000000 0.000000 -0.000000 96.266976 17.223937 59.585016 385.866270 -29.763362 -372.086209 -199.957737 -81.994303 85.580747 0.000000 0.000000 0.000000 20.660704 0.688871 0.793482 -30.619922 11.159997 -0.643357 -393.196932 24.002521 94.782037 -0.000000 0.000000 0.000000 -9.133102 9.894154 0.255798 -7.926351 2.262330 -0.741361 10.203160 -5.481274 51.498710 -0.000000 0.000000 -0.000000
0.000000 0.784897 0.000000 1.034335 3.927342 -0.035464 -0.000000 -0.000000 0.000000 -19.822319 39.599237 6.210737 -0.000000 0.000000 0.000000 0.000000 -0.000000 -0.000000 -0.000000 0.000000 -0.000000 -86.966337 -17.245844 -29.873880 22.674137 0.839003 -9.017578 -5.300978 -4.686769 7.322715 0.000000 0.000000 -0.000000 96.904685 19.393359 59.587139 393.537545 -32.023344 -368.488820 -274.692306 -64.383379 15.184436 0.000000 0.000000 0.000000 21.737251 -0.487026 0.853653 -22.944325 11.301050 -0.624993 -397.849385 22.558849 94.737249 -0.000000 0.000000 0.000000 -9.677198 9.124945 0.359725 -8.003004 3.064496 -0.476384 10.658539 -3.108148 51.167269 0.000000 0.000000 0.000000
0.000000 0.773472 0.000000 0.446067 2.908856 -0.011326 -0.000000 0.000000 -0.000000 -19.341038 39.017276 6.310642 0.000000 -0.000000 0.000000 -0.000000 0.000000 0.000000 -0.000000 0.000000 0.000000 -86.426791 -18.557232 -27.415453 24.272486 0.708660 -10.161599 -0.344757 -4.020811 6.185285 0.000000 0.000000 -0.000000 97.109318 22.926976 60.612901 401.608716 -33.504357 -363.183747 -286.403436 -52.060421 10.959199 0.000000 0.000000 -0.000000 20.772988 -1.149215 0.748740 -11.533569 11.782373 -1.164085 -396.961199 12.474716 95.802198 -0.000000 0.000000 0.000000 -6.911672 8.256975 0.292081 -13.828930 4.313668 -0.599620 14.479093 -2.806765 52.135239 -0.000000 0.000000 -0.000000
0.000000 0.754383 0.000000 -0.342227 2.370455 0.007080 0.000000 0.000000 -0.000000 -17.736858 38.066389 5.956169 -0.000000 0.000000 0.000000 0.000000 -0.000000 -0.000000 -0.000000 0.000000 0.000000 -86.424441 -20.133757 -24.568719 25.330723 1.292780 -12.496631 0.701491 -3.440190 5.356540 0.000000 0.000000 -0.000000 95.961520 26.701624 62.726390 408.786202 -34.892484 -357.471307 -293.713840 -44.982110 11.000773 -0.000000 0.000000 -0.000000 20.454645 -0.953323 0.596472 -1.772667 12.090140 -1.981327 -392.282339 -0.656111 97.263221 -0.000000 0.000000 -0.000000 -4.731390 7.389174 0.230170 -18.781397 6.095070 -0.344905 18.030181 -2.878073 51.947874 -0.000000 0.000000 0.000000
0.000000 0.737743 0.000000 -1.053314 1.984727 0.018246 0.000000 -0.000000 0.000000 -16.132113 37.018136 5.542801 -0.000000 0.000000 0.000000 0.000000 -0.000000 -0.000000 -0.000000 0.000000 0.000000 -86.955680 -20.650421 -22.368369 23.533904 2.674356 -13.826273 -5.818143 -2.869111 5.040130 0.000000 0.000000 0.000000 94.626260 30.148369 64.845615 413.912386 -43.442469 -354.073732 -302.749127 -34.997612 4.105154 -0.000000 0.000000 -0.000000 20.992179 -0.214877 0.404906 3.925672 11.406748 -2.363703 -385.586834 -11.545306 96.911300 0.000000 0.000000 0.000000 -6.066329 7.617134 0.369733 -20.960114 6.039233 -0.296117 21.876638 -1.566318 51.302989 -0.000000 0.000000 -0.000000
0.000000 0.729989 0.000000 -1.415114 1.773044 0.021899 0.000000 0.000000 0.000000 -14.642009 36.014003 5.047740 0.000000 0.000000 0.000000 -0.000000 0.000000 -0.000000 -0.000000 0.000000 0.000000 -89.345635 -20.983726 -20.048074 18.102412 6.025080 -15.135052 -14.672116 -3.554887 5.933630 -0.000000 0.000000 0.000000 92.212749 32.560629 67.372218 419.002487 -59.673747 -351.311323 -310.694067 -25.467483 -5.503795 0.000000 0.000000 -0.000000 22.006763 0.535538 0.246739 5.742525 10.442099 -2.339940 -384.322044 -14.637569 93.704519 -0.000000 0.000000 -0.000000 -10.759875 8.645332 0.757406 -21.592292 5.397837 -0.414007 26.588537 1.294426 48.763016 0.000000 0.000000 0.000000
0.000000 0.735397 0.000000 -1.621757 1.643832 0.023267 0.000000 0.000000 0.000000 -12.967828 35.952260 4.591147 -0.000000 0.000000 0.000000 -0.000000 0.000000 -0.000000 -0.000000 0.000000 0.000000 -92.668166 -20.609687 -19.159247 16.759409 7.268971 -15.631429 -11.879731 -3.183694 5.122555 -0.000000 0.000000 -0.000000 88.795065 32.324473 69.528476 420.386405 -71.222434 -351.590615 -310.501577 -17.098817 -12.413006 -0.000000 0.000000 -0.000000 23.290870 0.867403 0.171899 -1.996547 10.504544 -1.873752 -382.917685 -9.734108 90.929420 -0.000000 0.000000 -0.000000 -14.074340 7.970120 0.897883 -22.264376 6.045151 0.104323 28.187889 7.096507 47.849127 -0.000000 0.000000 0.000000
0.000000 0.751166 0.000000 -1.622740 1.663006 0.023553 -0.000000 0.000000 0.000000 -10.698757 36.459419 3.935114 -0.000000 0.000000 -0.000000 -0.000000 0.000000 0.000000 -0.000000 0.000000 0.000000 -95.006376 -20.653295 -18.869456 22.046701 5.165301 -16.896164 -6.102953 -3.586166 5.579544 0.000000 0.000000 0.000000 86.823303 30.870451 69.337836 413.366796 -75.550518 -359.196550 -310.107557 -20.957206 -14.682509 -0.000000 0.000000 0.000000 24.552838 0.921021 0.174078 -10.117528 10.464525 -1.403091 -384.994508 -0.700032 90.926654 -0.000000 0.000000 0.000000 -15.492805 5.023188 0.529986 -24.889894 9.818319 2.242200 29.343847 15.454555 41.891191 -0.000000 0.000000 -0.000000
0.000000 0.771313 0.000000 -1.340070 1.785578 0.020884 0.000000 -0.000000 -0.000000 -8.555662 37.152452 3.216204 -0.000000 0.000000 -0.000000 -0.000000 0.000000 -0.000000 0.000000 0.000000 -0.000000 -94.694786 -21.379988 -19.039658 30.257697 0.984224 -17.923754 2.642992 -2.681768 4.162804 -0.000000 0.000000 -0.000000 85.482810 29.169225 68.482964 406.078931 -68.268931 -364.347864 -307.041395 -28.299900 -11.012993 0.000000 0.000000 -0.000000 25.534226 1.035332 0.181730 -18.906391 10.926075 -0.955879 -389.754698 10.645106 92.525244 -0.000000 0.000000 -0.000000 -14.285330 0.657903 -0.133876 -30.665085 14.931903 5.740037 32.214449 25.389828 31.543103 -0.000000 0.000000 -0.000000
0.000000 0.791467 0.000000 -0.866954 1.891026 0.014308 -0.000000 0.000000 0.000000 -7.035740 37.695447 2.599735 0.000000 -0.000000 0.000000 -0.000000 0.000000 -0.000000 -0.000000 0.000000 0.000000 -91.815640 -22.963045 -19.080125 36.880470 -2.794300 -18.119807 7.197242 -0.739971 -0.577562 0.000000 0.000000 -0.000000 85.455052 27.419136 66.548475 398.790818 -58.313415 -367.997530 -302.575199 -40.462480 -5.301674 0.000000 0.000000 0.000000 25.736461 0.454376 0.331147 -28.432667 12.221152 -0.164325 -398.318692 25.532237 96.046568 0.000000 0.000000 0.000000 -9.147201 -3.447628 -0.453299 -40.284914 19.485737 9.790528 37.907789 33.668631 18.095337 -0.000000 0.000000 0.000000
0.000000 0.803613 0.000000 -0.149861 2.049442 0.002681 -0.000000 0.000000 -0.000000 -6.648182 38.042985 2.240822 0.000000 -0.000000 -0.000000 -0.000000 0.000000 0.000000 0.000000 0.000000 -0.000000 -88.040043 -23.666761 -20.053481 39.533453 -3.800808 -18.281422 5.331387 1.194624 -5.512015 -0.000000 0.000000 -0.000000 86.117372 24.630206 63.792209 391.032791 -47.500754 -371.258718 -290.082860 -65.694877 6.948761 -0.000000 0.000000 -0.000000 22.375221 -0.109034 0.426686 -31.757527 14.150057 0.686295 -405.140263 34.195373 99.537557 -0.000000 0.000000 0.000000 -1.759985 -8.174921 -0.167757 -51.832860 23.574185 14.865446 46.174661 38.655336 1.681515 0.000000 0.000000 0.000000
0.000000 0.808533 0.000000 0.683075 2.273798 -0.013556 0.000000 0.000000 -0.000000 -7.767272 38.406176 2.332120 -0.000000 0.000000 0.000000 0.000000 -0.000000 -0.000000 -0.000000 0.000000 -0.000000 -84.611234 -23.324672 -22.212638 33.656398 -1.361885 -16.547927 -5.187549 3.643861 -6.781029 0.000000 0.000000 -0.000000 86.972424 21.972865 61.847308 382.919317 -40.494430 -374.991212 -137.049019 -71.102489 157.451067 -0.000000 0.000000 -0.000000 14.743645 1.172215 0.135711 -27.193417 14.840772 0.735994 -409.686169 35.255513 103.730757 0.000000 0.000000 0.000000 6.297260 -7.674485 0.593100 -61.042362 23.874780 15.230318 49.970725 44.139052 -6.195145 0.000000 0.000000 -0.000000
0.000000 0.809577 0.000000 1.465812 2.671474 -0.034181 0.000000 0.000000 0.000000 -10.468825 38.629932 2.941072 0.000000 -0.000000 0.000000 -0.000000 0.000000 -0.000000 -0.000000 0.000000 -0.000000 -82.699056 -21.600825 -25.381513 22.349696 1.412804 -11.670909 -15.491368 6.032016 -5.747571 -0.000000 0.000000 0.000000 86.406989 20.495965 62.967665 374.535531 -34.150823 -377.645066 -116.250866 0.134846 166.690530 -0.000000 0.000000 0.000000 7.244649 3.073839 -0.064863 -19.343114 13.598509 0.303806 -405.172722 27.361922 105.089280 -0.000000 0.000000 -0.000000 13.831880 -5.177776 1.019343 -66.383449 21.400352 11.857289 42.463346 52.000032 3.298605 -0.000000 0.000000 0.000000
0.000000 0.808376 0.000000 1.993240 3.391165 -0.059010 0.000000 0.000000 -0.000000 -12.448055 39.362648 3.416318 -0.000000 0.000000 0.000000 0.000000 -0.000000 -0.000000 0.000000 0.000000 -0.000000 -82.070510 -19.535236 -29.351908 14.197344 1.436465 -6.479591 -18.772585 5.351940 -2.804034 0.000000 0.000000 -0.000000 83.847463 18.027885 65.788220 369.343662 -28.011376 -378.012151 -95.976329 43.035068 150.310814 0.000000 0.000000 0.000000 0.650899 4.274692 -0.079446 -11.058704 10.617100 0.041986 -400.250568 21.518877 105.218715 0.000000 0.000000 0.000000 17.553830 -1.251318 0.740585 -62.935558 17.356592 5.847752 19.064075 46.169571 36.039106 -0.000000 0.000000 0.000000
0.000000 0.806538 0.000000 2.440983 4.378783 -0.093335 -0.000000 0.000000 -0.000000 -14.662989 40.408275 4.008570 0.000000 0.000000 0.000000 0.000000 -0.000000 -0.000000 -0.000000 0.000000 0.000000 -79.564258 -18.573317 -33.787566 9.631971 0.068312 -2.323568 -19.936711 4.334616 -1.095899 -0.000000 0.000000 0.000000 80.450220 15.758610 70.555692 366.835095 -22.313942 -376.179183 -70.054771 52.470554 123.459149 0.000000 0.000000 0.000000 -3.725906 4.017220 -0.097400 -7.122708 7.327232 0.016786 -391.286157 16.685416 103.904478 -0.000000 0.000000 0.000000 18.182114 3.163276 0.128289 -53.652147 11.147392 -0.184457 10.738102 22.096376 59.241508 0.000000 0.000000 -0.000000
0.000000 0.804160 0.000000 2.320587 5.126187 -0.103894 0.000000 0.000000 0.000000 -16.659073 41.222652 4.750798 0.000000 -0.000000 0.000000 -0.000000 0.000000 0.000000 -0.000000 0.000000 0.000000 -75.969620 -19.889219 -36.204442 10.530665 -1.008694 -0.693036 -18.442810 3.786231 -0.972827 -0.000000 0.000000 -0.000000 77.883146 13.441603 74.590114 366.093849 -18.591450 -374.335299 -54.959876 50.305223 105.540892 -0.000000 0.000000 0.000000 -5.093126 1.908240 -0.181904 -9.258906 5.311727 -0.009748 -384.695286 18.208513 102.323338 -0.000000 0.000000 0.000000 19.355298 6.811830 -0.428351 -43.685278 4.577064 -3.622328 10.370799 4.716212 64.220287 0.000000 0.000000 0.000000
0.000000 0.801576 0.000000 1.372709 5.911281 -0.070878 0.000000 0.000000 -0.000000 -17.098608 41.816068 5.259058 0.000000 0.000000 0.000000 0.000000 -0.000000 -0.000000 0.000000 0.000000 -0.000000 -72.903147 -22.636933 -36.969111 16.657749 -0.735040 -2.654400 -9.801105 2.784596 -2.457547 0.000000 0.000000 -0.000000 76.451960 10.328456 76.324536 365.898948 -15.616991 -372.691060 -50.117915 45.553788 98.090269 0.000000 0.000000 -0.000000 -5.386376 -0.263165 -0.287390 -11.203806 6.170430 0.271581 -379.478087 17.668630 100.688746 0.000000 0.000000 -0.000000 21.560598 6.792725 -0.250779 -33.706007 3.008466 -3.385659 5.956386 -6.110205 63.427537 -0.000000 0.000000 0.000000
0.000000 0.796938 0.000000 -0.273857 6.593129 0.015774 0.000000 -0.000000 -0.000000 -16.161666 41.975697 5.528806 -0.000000 0.000000 -0.000000 0.000000 -0.000000 -0.000000 -0.000000 0.000000 -0.000000 -69.420725 -26.271792 -36.275860 22.037609 -0.861729 -4.614313 0.810470 1.766181 -4.238814 -0.000000 0.000000 0.000000 76.434408 7.460347 75.616102 364.694756 -13.517089 -372.266881 -49.371777 41.518924 97.680849 0.000000 0.000000 0.000000 -6.124784 -2.044654 -0.466970 -11.400763 7.681069 0.752618 -376.395755 16.044765 101.848886 -0.000000 0.000000 0.000000 25.135541 6.459716 0.045374 -24.269638 2.200754 -2.707307 -1.077078 -13.531299 63.124379 0.000000 0.000000 0.000000
0.000000 0.790602 0.000000 -2.075942 7.088924 0.128601 -0.000000 0.000000 -0.000000 -14.477258 41.667642 5.563541 0.000000 0.000000 0.000000 0.000000 0.000000 0.000000 0.000000 0.000000 0.000000 -66.129762 -30.074704 -33.938421 25.129696 -1.614500 -5.427947 9.047668 0.810412 -6.055849 0.000000 0.000000 0.000000 76.305206 5.213227 74.342233 360.917264 -11.479496 -373.169225 -47.499341 36.615217 97.179499 0.000000 0.000000 0.000000 -5.793722 -2.684378 -0.543319 -12.736069 8.922835 1.135714 -374.940608 14.506540 104.640256 -0.000000 0.000000 -0.000000 29.298509 5.144814 0.602006 -17.517447 2.120087 -1.984628 -6.312191 -19.395289 63.221426 -0.000000 0.000000 0.000000
0.000000 0.783840 0.000000 -3.435977 7.602895 0.228373 -0.000000 0.000000 0.000000 -11.930850 41.629037 5.200747 0.000000 0.000000 0.000000 -0.000000 0.000000 0.000000 0.000000 0.000000 0.000000 -64.325849 -33.429820 -31.472267 26.535018 -2.510794 -5.656346 16.696216 -0.739186 -7.202258 -0.000000 0.000000 -0.000000 75.188595 1.742992 72.495951 358.465446 -9.512320 -373.174468 -48.213695 30.574119 98.213679 -0.000000 0.000000 0.000000 -5.952771 -2.705218 -0.617706 -14.838337 9.628380 1.434544 -375.131728 14.711026 107.565698 0.000000 0.000000 -0.000000 31.266256 3.994548 1.126791 -12.792030 0.871347 -1.349901 -7.433113 -24.345912 63.461762 -0.000000 0.000000 -0.000000
0.000000 0.777323 0.000000 -3.904380 7.945020 0.271243 -0.000000 0.000000 -0.000000 -10.371131 41.715076 4.861264 -0.000000 0.000000 0.000000 0.000000 -0.000000 -0.000000 -0.000000 0.000000 0.000000 -62.628555 -35.860336 -29.653278 26.608816 -3.203353 -4.848907 19.275016 -1.625188 -8.604430 0.000000 0.000000 0.000000 73.474687 -1.498698 71.445939 356.697713 -7.632277 -372.528437 -44.947434 27.135679 94.491828 -0.000000 0.000000 0.000000 -7.353224 -2.148431 -0.723513 -18.533605 8.688743 1.365659 -380.171009 21.444806 110.485661 -0.000000 0.000000 0.000000 31.575203 3.862787 1.281732 -12.155228 0.160477 -1.211488 -5.706310 -26.923172 64.613819 -0.000000 0.000000 0.000000
0.000000 0.768936 0.000000 -3.693741 8.008864 0.258668 0.000000 0.000000 0.000000 -10.000624 41.691245 4.649817 0.000000 -0.000000 -0.000000 0.000000 0.000000 0.000000 0.000000 0.000000 0.000000 -61.504379 -37.443454 -27.815614 27.011647 -3.711733 -4.739982 19.459735 -2.056219 -9.184216 -0.000000 0.000000 -0.000000 72.216777 -3.913622 70.379729 355.891040 -7.024926 -372.734212 -42.475109 24.940680 91.389110 -0.000000 0.000000 0.000000 -9.723989 -2.004818 -0.919317 -22.165829 6.745430 0.980938 -394.086717 37.299346 113.544152 -0.000000 0.000000 0.000000 31.174205 4.839871 1.038328 -15.560768 0.618882 -1.730120 -3.117559 -26.412262 65.662407 -0.000000 0.000000 0.000000
0.000000 0.761624 0.000000 -2.993181 8.141098 0.213056 -0.000000 0.000000 0.000000 -10.514025 41.479831 4.499434 -0.000000 0.000000 0.000000 0.000000 -0.000000 0.000000 -0.000000 0.000000 0.000000 -61.198605 -38.365469 -26.323158 26.204294 -3.727976 -5.465639 19.006438 -2.001444 -10.201587 0.000000 0.000000 0.000000 71.882306 -4.707115 69.826758 355.656095 -7.571966 -373.909344 -43.009107 23.325290 91.226024 0.000000 0.000000 0.000000 -10.818768 -1.642427 -0.972340 -26.296191 5.772466 0.569604 -423.753740 61.166934 122.318765 -0.000000 0.000000 0.000000 28.494480 6.446196 0.599706 -18.142435 2.835870 -2.427164 -2.866467 -23.600823 65.672364 -0.000000 0.000000 -0.000000
0.000000 0.756094 0.000000 -1.836652 8.260587 0.132640 -0.000000 0.000000 -0.000000 -11.169144 41.001871 4.180973 0.000000 -0.000000 -0.000000 -0.000000 0.000000 0.000000 0.000000 0.000000 0.000000 -62.310424 -37.909657 -25.851567 26.247218 -3.649694 -6.387127 13.048060 -0.533915 -10.006330 0.000000 0.000000 0.000000 72.163244 -4.035367 69.327362 355.545458 -8.391286 -374.975171 -42.505476 25.073580 93.397709 -0.000000 0.000000 -0.000000 -10.649696 -4.111550 -1.219033 -33.229486 4.278420 0.560322 -483.997687 78.615164 168.434081 -0.000000 0.000000 0.000000 24.897849 7.247492 0.341225 -20.112596 5.355669 -2.819799 -5.796086 -15.462792 63.516380 0.000000 0.000000 0.000000
0.000000 0.751046 0.000000 -0.624759 8.320171 0.045442 0.000000 0.000000 0.000000 -11.584419 40.184540 3.733962 -0.000000 0.000000 -0.000000 0.000000 0.000000 0.000000 -0.000000 0.000000 -0.000000 -64.175783 -36.613430 -25.584269 25.815023 -3.120780 -7.990569 4.506416 1.296046 -8.138402 -0.000000 0.000000 -0.000000 72.693882 -2.297839 68.798768 354.610933 -9.257816 -376.341475 -41.733483 27.474540 95.118573 -0.000000 0.000000 0.000000 -9.402240 -4.662518 -1.091585 -40.755620 4.855431 0.936257 -550.377504 77.811419 228.880140 -0.000000 0.000000 -0.000000 21.865266 7.845829 0.135279 -21.502980 7.928915 -3.002226 -8.563770 -7.955095 60.880060 -0.000000 0.000000 -0.000000
0.000000 0.746642 0.000000 0.294945 8.350171 -0.021531 -0.000000 -0.000000 -0.000000 -11.647327 39.531750 3.326820 -0.000000 0.000000 0.000000 -0.000000 -0.000000 -0.000000 0.000000 0.000000 -0.000000 -66.655950 -34.450728 -26.550023 23.546324 -1.818062 -9.159109 -3.385631 1.861858 -4.005960 0.000000 0.000000 -0.000000 73.225126 -0.567066 68.394231 355.504070 -10.160538 -376.354943 -41.339847 31.932698 97.270899 0.000000 0.000000 -0.000000 -5.513946 -3.906628 -0.579496 -49.824279 7.345482 1.740191 -574.280923 73.266485 250.506276 0.000000 0.000000 0.000000 19.668717 7.479359 0.133205 -24.645174 10.779349 -2.959674 -5.626848 -5.570877 56.302398 0.000000 0.000000 -0.000000
0.000000 0.745864 0.000000 0.826238 8.467502 -0.061166 -0.000000 -0.000000 -0.000000 -11.893073 38.828487 3.111523 0.000000 0.000000 0.000000 0.000000 -0.000000 0.000000 -0.000000 0.000000 0.000000 -69.929398 -30.887409 -28.885819 21.248785 -0.460324 -9.162896 -11.197893 2.045565 -1.500209 -0.000000 0.000000 0.000000 73.870976 0.841106 68.038869 360.231742 -10.987793 -373.886399 -45.915157 35.882830 101.175877 0.000000 0.000000 -0.000000 -2.584499 -1.343284 -0.211818 -53.400127 10.172373 1.724624 -575.589524 77.056538 254.234951 -0.000000 0.000000 0.000000 18.760766 6.881111 0.215132 -29.542889 11.096862 -2.971415 0.861130 -5.116124 51.886288 -0.000000 0.000000 0.000000
0.000000 0.751303 0.000000 1.226089 8.758678 -0.093901 -0.000000 0.000000 0.000000 -12.785421 38.355845 3.137147 0.000000 0.000000 0.000000 0.000000 -0.000000 -0.000000 -0.000000 0.000000 -0.000000 -74.327254 -26.716931 -31.474001 20.455509 0.927304 -10.042955 -15.644720 0.650978 1.342674 -0.000000 0.000000 -0.000000 75.230923 2.418188 68.088503 367.276497 -11.768150 -370.292240 -53.470688 40.051588 105.840967 -0.000000 0.000000 -0.000000 1.569296 -0.735139 0.138043 -55.067943 13.179933 2.377942 -564.454656 85.452251 246.153917 -0.000000 0.000000 0.000000 17.447848 5.880113 0.383225 -32.475343 9.769806 -2.936056 6.594045 -6.173880 50.702341 -0.000000 0.000000 0.000000
0.000000 0.760264 0.000000 1.364768 8.701585 -0.103839 0.000000 0.000000 0.000000 -14.054865 37.985406 3.403162 -0.000000 0.000000 -0.000000 0.000000 -0.000000 0.000000 -0.000000 0.000000 -0.000000 -78.588035 -22.739654 -32.811608 19.477811 2.479599 -11.064219 -15.371000 0.248569 1.393320 0.000000 0.000000 0.000000 78.144098 5.784994 68.036270 373.349091 -14.155620 -368.785170 -60.024523 46.488181 109.643778 -0.000000 0.000000 -0.000000 7.095414 -1.634400 0.661053 -54.069222 15.904626 3.295225 -404.099964 78.276630 90.623537 -0.000000 0.000000 0.000000 13.620762 4.403066 0.465099 -30.023959 7.686517 -2.406152 9.275153 -6.331844 50.911015 0.000000 0.000000 0.000000
0.000000 0.769788 0.000000 1.762280 8.355911 -0.128742 -0.000000 -0.000000 0.000000 -15.754074 37.759080 3.748278 0.000000 0.000000 -0.000000 -0.000000 0.000000 -0.000000 0.000000 0.000000 0.000000 -83.112083 -19.168679 -32.994967 21.806472 3.046130 -12.126382 -10.378741 -0.361743 1.598831 -0.000000 0.000000 -0.000000 81.711548 9.548119 67.463879 378.782457 -17.880644 -368.486508 -75.624720 49.214475 123.197459 0.000000 0.000000 -0.000000 11.914997 -4.028487 1.354564 -51.681279 16.947054 3.987464 -393.821232 58.952103 88.098437 -0.000000 0.000000 -0.000000 7.299636 2.747189 0.317637 -24.164490 5.480266 -1.623698 9.788027 -4.095433 51.033502 0.000000 0.000000 -0.000000
0.000000 0.779172 0.000000 1.994640 7.789340 -0.135808 -0.000000 0.000000 0.000000 -17.157620 37.460002 4.093027 0.000000 -0.000000 -0.000000 -0.000000 0.000000 -0.000000 0.000000 0.000000 0.000000 -85.673853 -17.089963 -32.354859 22.032369 3.280535 -11.944984 -7.861236 -0.715197 1.847305 -0.000000 0.000000 0.000000 86.049412 13.831449 66.044545 380.547339 -23.256161 -370.562709 -98.447319 38.903518 145.622454 -0.000000 0.000000 -0.000000 15.086013 -4.366049 1.686813 -44.444280 17.098319 2.983040 -387.560545 38.526645 88.907535 0.000000 0.000000 -0.000000 -0.026133 2.015741 -0.036295 -15.968176 3.196432 -0.985198 8.849584 -1.621340 51.257265 0.000000 0.000000 0.000000
0.000000 0.784681 0.000000 1.942296 7.290367 -0.123749 -0.000000 -0.000000 -0.000000 -17.843373 37.089733 4.318229 0.000000 0.000000 0.000000 0.000000 -0.000000 -0.000000 0.000000 0.000000 -0.000000 -86.720746 -16.356245 -31.424499 24.863169 2.088245 -11.383548 -2.952911 -0.959021 1.842207 -0.000000 0.000000 -0.000000 89.795507 17.311456 64.404218 382.378031 -28.318370 -371.910610 -115.932849 5.282821 161.093387 -0.000000 0.000000 -0.000000 18.302767 -3.916432 1.874509 -35.948644 16.229893 1.324632 -386.512418 26.136448 88.265179 0.000000 0.000000 -0.000000 -6.203338 2.039018 -0.319688 -10.651236 2.334182 -0.567573 9.749597 0.053329 49.314894 0.000000 0.000000 -0.000000
0.000000 0.782064 0.000000 1.800163 7.074842 -0.111292 0.000000 0.000000 0.000000 -18.189725 36.472778 4.395361 -0.000000 0.000000 -0.000000 0.000000 -0.000000 -0.000000 -0.000000 0.000000 -0.000000 -85.478678 -17.895719 -29.856685 31.298704 0.025446 -12.129386 3.870748 -0.095534 -0.571009 -0.000000 0.000000 0.000000 92.798554 19.898486 62.849206 387.248278 -31.932750 -370.573557 -134.630101 -56.484437 155.707889 0.000000 0.000000 -0.000000 19.083060 -2.531119 1.658122 -22.656548 14.355360 -0.602505 -388.702935 15.314231 86.508274 0.000000 0.000000 0.000000 -9.586973 2.436758 -0.427952 -10.601674 1.669719 -0.616245 12.593673 3.151493 45.598544 0.000000 0.000000 0.000000
0.000000 0.771457 0.000000 1.437997 6.651203 -0.083563 -0.000000 -0.000000 0.000000 -18.032118 36.408808 4.526803 -0.000000 0.000000 -0.000000 0.000000 -0.000000 0.000000 0.000000 0.000000 0.000000 -83.585894 -21.212638 -27.459399 39.383637 -3.004809 -13.813692 12.798137 -0.260581 -3.482102 0.000000 0.000000 -0.000000 94.472377 22.501433 62.675351 395.351200 -34.444090 -366.418219 -247.428622 -76.061737 48.711525 -0.000000 0.000000 -0.000000 20.737077 -1.540066 1.521774 -11.434053 13.046522 -1.717055 -391.270212 5.345169 85.485679 0.000000 0.000000 -0.000000 -11.582798 4.058023 -0.314728 -11.319098 2.659002 -0.565643 14.674809 4.147518 43.980486 0.000000 0.000000 -0.000000
0.000000 0.751255 0.000000 0.549617 5.743010 -0.027569 0.000000 0.000000 0.000000 -16.618992 36.888667 4.631283 -0.000000 0.000000 -0.000000 0.000000 0.000000 0.000000 -0.000000 0.000000 -0.000000 -80.249421 -26.625964 -23.349660 47.469499 -7.423374 -16.174284 23.957879 -2.096576 -7.420538 -0.000000 0.000000 0.000000 94.793650 24.890875 63.201058 403.455764 -36.936834 -361.809944 -282.129247 -63.348280 20.245684 0.000000 0.000000 -0.000000 22.700705 -0.055681 1.166304 -2.312889 12.494849 -2.445706 -392.170346 -5.260167 84.882137 -0.000000 0.000000 -0.000000 -11.714252 6.574193 0.054142 -12.721353 4.393192 -0.463704 16.746020 1.771465 44.350578 0.000000 0.000000 0.000000
0.000000 0.730800 0.000000 -0.362789 4.542558 0.014389 0.000000 -0.000000 0.000000 -14.834214 36.778341 4.547531 0.000000 -0.000000 0.000000 -0.000000 0.000000 0.000000 -0.000000 0.000000 0.000000 -81.691984 -29.577300 -18.411473 47.892013 -9.392949 -18.971077 25.155015 -2.918884 -9.247138 0.000000 0.000000 -0.000000 93.276741 27.680431 64.966003 410.824413 -40.062830 -356.562394 -293.480117 -54.598624 14.476367 0.000000 0.000000 -0.000000 24.051739 2.499355 0.443678 2.145335 12.177525 -2.697197 -390.078787 -14.675740 86.484256 -0.000000 0.000000 -0.000000 -12.193994 9.456378 0.558892 -14.200032 5.693860 -0.431462 19.577047 -0.999125 44.944527 0.000000 0.000000 0.000000
0.000000 0.717440 0.000000 -0.758258 3.354252 0.022202 0.000000 -0.000000 -0.000000 -14.252200 35.874006 4.507345 -0.000000 0.000000 -0.000000 0.000000 0.000000 0.000000 0.000000 0.000000 0.000000 -86.780989 -29.730903 -14.706724 37.442060 -5.328233 -19.328666 4.189974 2.047946 -7.486625 0.000000 0.000000 0.000000 92.683334 30.900280 66.132113 413.089608 -49.406227 -354.855038 -301.987807 -49.048884 6.741390 -0.000000 0.000000 -0.000000 24.496519 5.235338 -0.374241 0.471623 11.508127 -2.463005 -383.266443 -21.342256 88.359633 0.000000 0.000000 -0.000000 -14.215385 12.075290 1.177621 -15.092192 5.337647 -0.687213 22.733830 -1.590510 45.214558 -0.000000 0.000000 -0.000000
0.000000 0.715812 0.000000 -0.444547 2.731451 0.010598 0.000000 0.000000 -0.000000 -14.775959 34.669780 4.455407 -0.000000 0.000000 -0.000000 0.000000 -0.000000 -0.000000 0.000000 0.000000 0.000000 -94.199174 -27.652040 -13.342240 20.737828 3.540553 -16.671959 -26.508401 9.929942 -1.139731 -0.000000 0.000000 0.000000 92.289920 33.150602 67.031715 410.676158 -57.187652 -356.366059 -303.597823 -51.677791 3.905738 -0.000000 0.000000 0.000000 24.137634 7.230138 -0.936353 -3.426881 10.907430 -2.275940 -381.166640 -20.226516 87.559870 -0.000000 0.000000 -0.000000 -18.404885 13.760296 1.857410 -14.710598 4.141218 -0.993192 26.093636 -0.881061 44.554510 -0.000000 0.000000 0.000000
0.000000 0.724988 0.000000 0.396191 2.701264 -0.009341 0.000000 0.000000 0.000000 -15.309973 33.823273 4.225715 -0.000000 0.000000 0.000000 0.000000 -0.000000 -0.000000 0.000000 0.000000 -0.000000 -100.932095 -24.044375 -13.961675 10.990727 10.511102 -14.887282 -25.815194 10.041446 -0.426950 -0.000000 0.000000 -0.000000 91.657148 33.818252 67.413574 403.469386 -62.709791 -362.530267 -302.057933 -59.906036 2.971906 -0.000000 0.000000 0.000000 23.210274 7.714466 -1.060926 -9.238681 9.223155 -2.025604 -383.262285 -10.371901 87.787244 0.000000 0.000000 -0.000000 -21.480826 11.530679 1.644842 -16.898110 5.191208 -0.451426 28.606346 5.822175 42.300862 0.000000 0.000000 -0.000000
0.000000 0.743352 0.000000 1.475568 2.881154 -0.037110 0.000000 0.000000 0.000000 -16.646285 33.638408 4.222403 -0.000000 0.000000 -0.000000 -0.000000 0.000000 -0.000000 0.000000 0.000000 -0.000000 -105.969385 -20.343225 -15.324603 9.178638 13.260961 -14.431864 -21.233605 9.065460 -1.110641 -0.000000 0.000000 0.000000 92.075017 33.485313 66.974205 392.155710 -66.384731 -373.230833 -302.269476 -63.525758 -1.990517 -0.000000 0.000000 -0.000000 22.460952 6.785118 -0.867441 -15.969837 5.905500 -1.764831 -384.605867 1.930632 89.017309 0.000000 0.000000 -0.000000 -24.242734 7.435806 0.883378 -17.978199 6.493773 0.699571 28.690685 16.984342 38.659477 0.000000 0.000000 0.000000
0.000000 0.765517 0.000000 2.095350 3.227809 -0.059044 -0.000000 0.000000 -0.000000 -16.343911 34.714729 4.048526 -0.000000 0.000000 -0.000000 0.000000 -0.000000 0.000000 -0.000000 0.000000 -0.000000 -101.489337 -20.396850 -17.404409 16.629671 9.310235 -16.849807 -22.830995 7.209491 -1.035376 0.000000 0.000000 -0.000000 91.783189 30.087752 65.251033 391.056826 -60.946101 -374.491455 -298.215379 -63.831930 -1.126802 -0.000000 0.000000 0.000000 22.409029 5.264094 -0.502438 -23.820700 4.275022 -1.771310 -387.593417 13.785736 93.426468 0.000000 0.000000 0.000000 -23.326567 1.044628 -0.468489 -22.845998 10.560401 3.424313 27.832425 26.711510 39.945520 0.000000 0.000000 -0.000000
0.000000 0.784267 0.000000 2.104954 3.444872 -0.063306 -0.000000 -0.000000 0.000000 -14.721742 35.440887 3.637902 0.000000 0.000000 0.000000 0.000000 0.000000 0.000000 -0.000000 0.000000 0.000000 -95.391652 -22.623548 -18.071871 22.489201 5.804936 -18.910465 -19.563732 4.614227 -0.953458 -0.000000 0.000000 0.000000 90.547148 26.553263 63.659222 390.947865 -52.860428 -373.457328 -288.471831 -71.168994 7.731201 -0.000000 0.000000 0.000000 21.195236 4.109652 -0.200669 -29.223234 4.849635 -1.639638 -393.171347 21.248563 101.991604 -0.000000 0.000000 0.000000 -16.309131 -5.791637 -1.213072 -34.815292 15.696383 7.969281 33.286744 36.886379 27.743290 -0.000000 0.000000 0.000000
0.000000 0.793209 0.000000 1.781787 3.596598 -0.055946 0.000000 0.000000 -0.000000 -13.718253 36.003832 3.495965 -0.000000 0.000000 -0.000000 -0.000000 0.000000 -0.000000 -0.000000 0.000000 -0.000000 -88.570205 -23.987467 -19.406501 27.716686 2.585280 -19.540809 -9.158195 2.323707 -1.747276 -0.000000 0.000000 -0.000000 90.121692 23.001380 61.729450 386.413600 -43.509858 -374.492354 -208.914138 -83.490589 83.849242 0.000000 0.000000 -0.000000 17.062396 3.821526 -0.093350 -27.968200 6.346511 -1.281463 -400.055735 24.351708 108.728566 0.000000 0.000000 -0.000000 -4.654732 -11.038533 -0.422718 -51.558445 19.889464 13.744434 43.713006 48.311510 8.361396 0.000000 0.000000 -0.000000
0.000000 0.798014 0.000000 1.295730 3.637303 -0.041144 0.000000 0.000000 0.000000 -13.586026 36.637986 3.689849 0.000000 -0.000000 0.000000 -0.000000 0.000000 -0.000000 -0.000000 0.000000 0.000000 -81.798728 -24.620906 -21.539743 26.388574 1.585295 -16.570444 -6.054353 1.960282 -2.283537 0.000000 0.000000 -0.000000 90.492462 19.835238 59.882055 378.219175 -35.619459 -377.237645 -124.860492 -60.280454 160.846874 0.000000 0.000000 0.000000 11.221594 5.129025 -0.205217 -20.746735 8.165612 -0.999145 -401.489594 20.433866 110.385907 0.000000 0.000000 -0.000000 6.463319 -9.993813 0.882461 -62.982158 18.974128 13.624799 40.030542 60.332231 12.378225 0.000000 0.000000 0.000000
0.000000 0.801268 0.000000 0.906978 3.606223 -0.028553 -0.000000 -0.000000 0.000000 -13.677891 37.962997 4.020962 -0.000000 0.000000 -0.000000 0.000000 0.000000 0.000000 -0.000000 0.000000 0.000000 -79.049204 -23.246938 -25.459387 21.713110 1.679269 -11.942714 -11.025292 2.142041 -1.373367 0.000000 0.000000 0.000000 87.892848 16.720680 61.379825 372.475266 -28.815647 -377.720270 -109.157749 -8.003967 162.307649 0.000000 0.000000 0.000000 6.355424 6.322098 -0.201539 -14.462554 8.466624 -0.726016 -398.875002 15.657122 110.524256 -0.000000 0.000000 -0.000000 15.495620 -5.181575 1.236819 -67.909706 15.451927 8.552306 12.607931 62.686893 47.189680 0.000000 0.000000 -0.000000
0.000000 0.804471 0.000000 0.831267 3.970907 -0.028818 0.000000 0.000000 0.000000 -15.135039 39.508403 4.692474 -0.000000 0.000000 0.000000 -0.000000 0.000000 -0.000000 0.000000 0.000000 -0.000000 -80.906049 -18.748004 -31.255683 17.249411 1.328730 -6.999865 -21.744308 3.704281 -0.885152 0.000000 0.000000 0.000000 84.171723 13.832538 65.476525 369.445833 -23.835057 -376.984266 -91.855798 29.798421 147.161107 0.000000 0.000000 -0.000000 1.545392 5.245247 -0.055337 -9.842356 6.647891 -0.361501 -391.315255 14.213664 106.741446 -0.000000 0.000000 0.000000 18.414769 1.718806 0.353473 -60.650102 8.934097 0.380846 2.626042 40.416075 71.434141 0.000000 0.000000 -0.000000
0.000000 0.807196 0.000000 0.629807 4.552739 -0.025036 -0.000000 0.000000 -0.000000 -16.089818 41.060717 5.256577 -0.000000 0.000000 0.000000 0.000000 -0.000000 0.000000 -0.000000 0.000000 0.000000 -77.920476 -17.685270 -36.132738 15.077500 -0.282533 -2.768718 -22.994050 4.231167 -1.167524 0.000000 0.000000 -0.000000 80.512932 10.557011 69.578392 368.231773 -19.750268 -375.338921 -74.793887 39.474965 128.666671 0.000000 0.000000 -0.000000 -1.053906 2.451838 -0.032825 -10.041984 5.254472 -0.134953 -383.782747 15.779176 103.043916 -0.000000 0.000000 -0.000000 19.331606 7.939954 -0.624584 -48.949110 1.994693 -4.824049 9.561110 14.098405 74.635715 -0.000000 0.000000 -0.000000
0.000000 0.809320 0.000000 -0.039221 5.636353 0.001931 -0.000000 0.000000 0.000000 -16.704675 41.873878 5.727156 -0.000000 -0.000000 -0.000000 0.000000 -0.000000 0.000000 0.000000 0.000000 -0.000000 -74.529231 -20.269578 -37.957633 16.182694 -1.192814 -1.448459 -19.884823 4.294041 -1.876523 -0.000000 0.000000 0.000000 77.944156 8.000811 73.335186 366.763355 -16.579313 -373.995330 -56.422154 43.981678 108.793619 -0.000000 0.000000 -0.000000 -2.406813 -0.398181 -0.126975 -11.806526 5.723692 0.173916 -381.319237 19.509872 100.367569 -0.000000 0.000000 0.000000 21.631372 11.899356 -1.205832 -38.069033 -2.935364 -6.189827 9.342434 -1.100401 66.290909 0.000000 0.000000 -0.000000
0.000000 0.809454 0.000000 -1.367169 7.015242 0.083806 -0.000000 0.000000 -0.000000 -16.256148 41.523742 5.858610 -0.000000 0.000000 0.000000 -0.000000 -0.000000 -0.000000 0.000000 0.000000 -0.000000 -71.496112 -23.960627 -37.424985 20.789318 -1.496027 -2.517048 -5.877416 3.210994 -4.460162 -0.000000 0.000000 -0.000000 76.815004 6.263340 75.172757 364.549253 -13.352519 -372.638200 -43.548195 43.087436 94.832529 -0.000000 0.000000 -0.000000 -2.857820 -1.909093 -0.245376 -13.485655 6.472016 0.404292 -381.575903 22.787938 99.343835 0.000000 0.000000 -0.000000 24.698392 12.189381 -0.999248 -27.551168 -2.501609 -4.636841 3.077842 -13.162152 61.430828 0.000000 0.000000 -0.000000
0.000000 0.805279 0.000000 -3.177713 8.102967 0.225134 0.000000 0.000000 0.000000 -14.787714 40.480847 5.761715 0.000000 -0.000000 -0.000000 -0.000000 0.000000 0.000000 0.000000 0.000000 0.000000 -68.942066 -27.707225 -34.929758 24.425205 -1.917412 -4.157171 4.809752 1.426918 -5.368744 -0.000000 0.000000 -0.000000 77.033334 5.365030 74.635631 361.151652 -11.590873 -373.258172 -39.486209 40.638263 92.282517 0.000000 0.000000 0.000000 -2.759320 -1.401823 -0.268029 -14.019663 7.449431 0.483902 -381.196623 22.363145 98.665333 -0.000000 0.000000 -0.000000 28.599299 11.923302 -0.649721 -17.741530 -2.567193 -2.873091 -5.315598 -20.871920 62.590457 -0.000000 0.000000 0.000000
0.000000 0.798105 0.000000 -4.772305 8.626865 0.360164 0.000000 -0.000000 0.000000 -12.469549 39.660844 5.450106 0.000000 -0.000000 -0.000000 -0.000000 0.000000 0.000000 0.000000 0.000000 0.000000 -66.623761 -31.137580 -31.697807 26.516863 -2.648835 -5.141007 12.979587 -0.258976 -5.868765 0.000000 0.000000 0.000000 75.765925 3.252860 73.567971 358.895586 -10.474072 -374.039250 -40.361156 36.211196 93.568261 0.000000 0.000000 -0.000000 -2.708226 0.398309 -0.178966 -15.764227 7.998217 0.383987 -383.658483 24.037573 100.038151 -0.000000 0.000000 -0.000000 32.593940 11.665613 -0.404315 -12.548739 -2.042464 -1.907858 -10.558983 -25.686280 64.562927 0.000000 0.000000 0.000000
0.000000 0.788974 0.000000 -5.692650 8.893396 0.443055 0.000000 -0.000000 0.000000 -10.701983 39.239516 5.172274 0.000000 -0.000000 0.000000 -0.000000 0.000000 0.000000 -0.000000 0.000000 0.000000 -64.035568 -33.726120 -29.248332 27.402829 -3.264388 -5.163494 17.660806 -1.540263 -5.488331 0.000000 0.000000 0.000000 73.884590 -0.562344 71.656083 358.679865 -9.345799 -373.745569 -41.383578 31.550339 94.584612 0.000000 0.000000 0.000000 -4.597493 0.731344 -0.293827 -16.714634 7.679317 0.410688 -384.832790 26.691523 102.250473 0.000000 0.000000 0.000000 34.396571 10.791584 -0.049850 -10.635105 -1.629960 -1.527575 -10.529751 -29.579546 65.974183 -0.000000 0.000000 -0.000000
0.000000 0.777881 0.000000 -5.573356 8.920528 0.435085 -0.000000 0.000000 -0.000000 -10.377018 39.187142 5.022393 -0.000000 0.000000 -0.000000 0.000000 0.000000 0.000000 0.000000 0.000000 0.000000 -61.497608 -35.670635 -27.443569 27.093748 -3.626164 -4.530864 16.405422 -1.733408 -4.573122 0.000000 0.000000 0.000000 72.928451 -3.513931 69.662137 358.139850 -8.815940 -374.152412 -42.720061 26.709196 94.463899 0.000000 0.000000 0.000000 -7.189744 0.106121 -0.552803 -19.516237 5.667147 0.058362 -385.945699 31.701016 106.568658 0.000000 0.000000 -0.000000 34.170336 10.013609 0.152651 -12.225900 -1.566689 -1.739447 -7.284843 -30.680533 67.056894 -0.000000 0.000000 -0.000000
0.000000 0.764390 0.000000 -4.581278 9.095005 0.364569 -0.000000 0.000000 0.000000 -12.223372 39.081731 5.158394 -0.000000 0.000000 -0.000000 0.000000 -0.000000 -0.000000 0.000000 0.000000 -0.000000 -59.260588 -38.207717 -24.596483 26.172985 -3.701907 -5.936657 13.443457 -1.592557 -2.990605 0.000000 0.000000 0.000000 73.826934 -4.251910 68.695830 356.891268 -8.440928 -374.716497 -43.335205 23.407704 93.151797 0.000000 0.000000 0.000000 -10.170505 -0.661021 -0.900191 -23.186465 4.067302 -0.367372 -399.299752 46.896156 111.514324 0.000000 0.000000 -0.000000 32.479871 9.748438 0.200046 -15.874832 -0.461356 -2.489430 -4.990851 -28.379763 67.028813 -0.000000 0.000000 0.000000
0.000000 0.752904 0.000000 -3.318811 9.329854 0.270886 0.000000 -0.000000 0.000000 -13.943439 38.693168 5.094155 -0.000000 0.000000 0.000000 0.000000 -0.000000 0.000000 0.000000 0.000000 0.000000 -59.078501 -39.784104 -21.932132 25.209302 -3.635011 -8.009438 10.567706 -1.377801 -1.815041 -0.000000 0.000000 -0.000000 75.043867 -3.489888 68.214935 355.580876 -8.012368 -374.765216 -41.121061 23.971426 90.911979 0.000000 0.000000 -0.000000 -11.387618 -1.384742 -1.113045 -29.003061 2.315223 -1.172526 -424.365913 66.642286 123.207123 0.000000 0.000000 -0.000000 29.978225 9.761967 0.167065 -20.004898 1.106846 -3.315134 -4.021345 -23.395612 65.677085 0.000000 0.000000 0.000000
0.000000 0.744746 0.000000 -2.280625 9.384814 0.187222 -0.000000 0.000000 -0.000000 -14.012553 38.440375 4.686176 0.000000 -0.000000 -0.000000 -0.000000 0.000000 -0.000000 -0.000000 0.000000 0.000000 -61.682831 -39.747133 -20.818913 24.107806 -3.099275 -10.287035 6.517796 -1.024502 -0.178244 0.000000 0.000000 0.000000 75.518651 -1.710194 68.379661 354.563563 -7.980719 -374.809722 -36.982919 27.504937 87.678538 -0.000000 0.000000 -0.000000 -9.793234 -2.973120 -1.119159 -37.119101 1.643800 -1.448537 -493.929812 81.784858 180.138245 -0.000000 0.000000 -0.000000 27.912353 9.673789 0.120564 -23.367224 3.137573 -3.870753 -5.739892 -15.376083 63.263744 0.000000 0.000000 -0.000000
0.000000 0.739655 0.000000 -1.556398 9.217774 0.125475 -0.000000 0.000000 -0.000000 -12.630320 38.127057 4.010405 -0.000000 -0.000000 -0.000000 -0.000000 0.000000 -0.000000 -0.000000 0.000000 -0.000000 -64.261089 -38.287078 -21.125130 21.377500 -1.756909 -11.147699 0.644557 -0.260637 0.485639 -0.000000 0.000000 0.000000 74.920912 0.303397 68.724936 353.446294 -8.778320 -376.058560 -33.036824 32.677496 88.391774 -0.000000 0.000000 -0.000000 -6.834053 -4.905247 -0.908555 -45.435570 2.168684 -0.738893 -553.236322 76.797788 233.982358 0.000000 0.000000 -0.000000 26.762681 9.957225 -0.042195 -28.008284 4.433616 -4.495380 -5.992001 -6.659900 60.914848 0.000000 0.000000 -0.000000
0.000000 0.737175 0.000000 -1.029341 8.938481 0.080457 0.000000 0.000000 -0.000000 -11.498704 37.937284 3.511835 -0.000000 0.000000 0.000000 0.000000 -0.000000 0.000000 0.000000 0.000000 -0.000000 -67.215619 -35.452410 -23.274309 17.689478 0.025868 -10.848023 -6.075796 0.129999 1.682375 0.000000 0.000000 -0.000000 74.447470 1.542692 68.558605 354.277657 -10.053888 -376.719592 -34.084717 37.313536 94.004488 0.000000 0.000000 0.000000 -3.788915 -5.031761 -0.506180 -50.999169 4.953440 0.731947 -569.542917 73.072312 247.054964 -0.000000 0.000000 -0.000000 25.021495 10.055570 -0.160202 -32.038544 4.760031 -4.895143 -2.463046 -1.858832 57.745689 -0.000000 0.000000 0.000000
0.000000 0.738994 0.000000 -0.414729 8.662091 0.031410 0.000000 -0.000000 -0.000000 -10.881440 37.920777 3.146893 -0.000000 0.000000 -0.000000 0.000000 0.000000 0.000000 0.000000 0.000000 -0.000000 -71.887997 -31.147160 -26.670746 15.903890 1.463026 -10.735703 -10.523576 0.655141 1.215419 0.000000 0.000000 -0.000000 74.105960 2.693624 68.693459 358.608822 -11.607510 -375.283773 -39.389912 41.080476 98.784356 -0.000000 0.000000 -0.000000 0.829625 -3.288580 0.074648 -56.863699 8.464195 1.651195 -561.163252 78.338486 242.961299 0.000000 0.000000 0.000000 20.508414 10.360014 -0.273592 -31.144280 4.993726 -4.664109 1.360460 -3.463888 57.602267 -0.000000 0.000000 0.000000
0.000000 0.746311 0.000000 0.483308 8.478139 -0.035824 -0.000000 -0.000000 0.000000 -12.538093 38.011793 3.319653 -0.000000 0.000000 -0.000000 0.000000 0.000000 0.000000 0.000000 0.000000 -0.000000 -76.331834 -26.809004 -29.623990 14.400526 2.751119 -10.500081 -12.916991 0.723007 1.141356 -0.000000 0.000000 0.000000 76.263537 4.647311 68.436479 364.713804 -13.961454 -373.541998 -53.659136 42.513411 110.467867 -0.000000 0.000000 0.000000 3.436932 0.162165 0.249341 -55.566567 11.941135 1.331606 -459.187300 83.132045 146.298487 -0.000000 0.000000 -0.000000 15.406041 10.586468 -0.334156 -29.753589 3.612045 -4.527067 6.317791 -6.111155 57.807732 0.000000 0.000000 -0.000000
0.000000 0.757475 0.000000 1.265225 8.004110 -0.088522 -0.000000 -0.000000 -0.000000 -14.778191 38.474570 3.792526 0.000000 -0.000000 0.000000 -0.000000 0.000000 -0.000000 -0.000000 0.000000 0.000000 -80.868002 -22.399027 -31.826894 15.515602 3.301674 -10.494809 -11.596103 0.229484 1.365955 -0.000000 0.000000 -0.000000 79.918423 7.053194 67.421555 372.248232 -16.944711 -371.680454 -77.032372 37.018484 129.585957 -0.000000 0.000000 -0.000000 6.478637 2.445277 0.289125 -50.356233 13.770291 0.630534 -411.343397 63.588149 105.597207 -0.000000 0.000000 -0.000000 9.099304 9.980143 -0.269960 -25.474655 1.883960 -3.782892 9.693457 -7.620065 57.155765 0.000000 0.000000 -0.000000
0.000000 0.767604 0.000000 1.777336 7.389219 -0.114776 -0.000000 -0.000000 -0.000000 -16.650518 39.232460 4.350771 0.000000 -0.000000 0.000000 0.000000 -0.000000 -0.000000 0.000000 0.000000 0.000000 -83.279388 -19.361597 -33.390560 17.380987 3.479315 -10.641158 -7.567756 -0.356578 1.441961 0.000000 0.000000 0.000000 84.121765 10.148502 66.338816 378.199543 -20.015638 -370.571885 -95.884248 27.925518 144.985174 0.000000 0.000000 -0.000000 11.699871 1.407369 0.593772 -46.367514 13.640213 0.473084 -397.374453 45.367976 98.803994 -0.000000 0.000000 0.000000 2.392055 8.345269 -0.149908 -18.963219 0.315593 -2.589692 10.094404 -5.630505 54.743477 0.000000 0.000000 -0.000000
0.000000 0.775441 0.000000 1.870418 6.693223 -0.109384 -0.000000 0.000000 -0.000000 -17.735196 39.893061 4.853840 0.000000 0.000000 0.000000 -0.000000 0.000000 0.000000 -0.000000 0.000000 -0.000000 -84.391502 -18.988073 -33.124197 20.582463 3.090797 -11.595869 -3.781752 -0.372094 1.064755 -0.000000 0.000000 0.000000 88.507882 13.284742 64.597527 381.091974 -24.270103 -371.592268 -112.538792 -5.822346 159.044161 -0.000000 0.000000 -0.000000 17.426928 -1.906864 1.352551 -41.935979 12.767757 0.922056 -387.717585 31.408201 95.182017 0.000000 0.000000 -0.000000 -3.620316 6.790909 -0.107882 -12.859653 0.112302 -1.514612 10.131489 -3.869027 53.198194 0.000000 0.000000 -0.000000
0.000000 0.777914 0.000000 1.747789 5.696458 -0.086963 -0.000000 -0.000000 -0.000000 -18.293778 39.969782 5.236099 -0.000000 0.000000 -0.000000 0.000000 -0.000000 -0.000000 -0.000000 0.000000 0.000000 -86.087954 -19.267457 -31.140644 21.211138 3.439907 -12.806656 -5.106662 -0.189605 1.025959 -0.000000 0.000000 -0.000000 92.392523 17.380199 63.061376 381.472548 -30.482514 -374.020047 -122.675225 -50.047963 162.413391 0.000000 0.000000 0.000000 21.322694 -3.396987 1.767209 -33.253369 14.081494 0.716271 -387.439175 22.914610 90.290400 0.000000 0.000000 -0.000000 -8.364628 6.120148 -0.062340 -9.211470 1.525928 -0.747321 11.065740 -3.020381 52.194660 0.000000 0.000000 0.000000
0.000000 0.772925 0.000000 1.680588 4.637889 -0.068061 0.000000 0.000000 0.000000 -18.098854 39.277274 5.234563 0.000000 0.000000 -0.000000 0.000000 -0.000000 -0.000000 0.000000 0.000000 -0.000000 -88.899862 -20.510898 -27.193872 20.128817 5.214462 -15.420753 -6.410926 -0.950303 2.201154 -0.000000 0.000000 -0.000000 94.167095 21.650009 62.678392 385.310950 -36.556239 -373.282611 -182.034977 -83.245585 109.947807 0.000000 0.000000 -0.000000 24.103193 -2.553514 1.576998 -23.862804 15.401752 -0.608402 -391.012696 15.552446 85.981400 -0.000000 0.000000 0.000000 -12.979352 7.102121 0.176969 -6.665064 4.289998 -0.010536 11.899114 -3.118005 51.996034 -0.000000 0.000000 -0.000000
0.000000 0.759451 0.000000 1.474905 3.870948 -0.049845 -0.000000 0.000000 -0.000000 -17.570832 38.582516 5.131717 -0.000000 0.000000 -0.000000 -0.000000 0.000000 0.000000 -0.000000 0.000000 -0.000000 -86.997400 -23.636357 -23.774823 24.144398 3.260098 -16.926529 0.642207 -1.635845 2.562252 -0.000000 0.000000 0.000000 96.138187 25.412987 61.967375 389.987774 -44.801967 -372.388198 -293.741355 -58.112371 0.361866 -0.000000 0.000000 0.000000 23.812996 -0.896402 1.019645 -9.653411 15.463327 -2.372985 -395.012986 4.356285 84.322548 -0.000000 0.000000 -0.000000 -14.615886 8.040050 0.432858 -7.988079 5.170366 0.122030 14.405886 -2.405000 50.800012 0.000000 0.000000 0.000000
0.000000 0.739006 0.000000 1.181081 3.227708 -0.033278 -0.000000 0.000000 -0.000000 -16.795461 37.785011 4.945992 0.000000 -0.000000 -0.000000 -0.000000 0.000000 -0.000000 -0.000000 0.000000 0.000000 -87.617182 -24.931614 -20.850992 25.454469 2.003678 -16.914350 2.193212 -2.250394 3.353071 -0.000000 0.000000 -0.000000 95.373175 29.316805 63.926318 399.713557 -50.928397 -365.726213 -299.855484 -43.451242 -1.543739 0.000000 0.000000 0.000000 22.663793 1.603102 0.310038 1.549666 14.724987 -3.292149 -396.031579 -7.177038 83.903270 0.000000 0.000000 0.000000 -15.773307 8.962109 0.704776 -9.496360 6.699748 0.398742 17.463345 -3.780913 49.268409 -0.000000 0.000000 0.000000
0.000000 0.719823 0.000000 0.807462 3.061648 -0.021579 0.000000 0.000000 -0.000000 -16.290560 37.006407 4.815821 0.000000 0.000000 -0.000000 0.000000 0.000000 0.000000 0.000000 0.000000 0.000000 -90.946057 -23.886990 -19.766641 24.261120 1.770763 -15.289918 -9.347670 0.374477 1.995593 0.000000 0.000000 0.000000 91.386874 32.717297 69.322625 410.399981 -49.795568 -355.222442 -299.866620 -47.744344 7.584761 -0.000000 0.000000 0.000000 22.525153 2.857607 0.020607 5.971020 12.670533 -3.034353 -393.389344 -14.021830 83.741454 -0.000000 0.000000 -0.000000 -16.772981 9.184883 0.841607 -11.518439 7.229110 0.503034 21.384687 -4.278932 46.444104 0.000000 0.000000 0.000000
0.000000 0.709819 0.000000 0.765154 3.306833 -0.022087 0.000000 0.000000 0.000000 -16.353929 36.193743 4.692891 -0.000000 0.000000 -0.000000 0.000000 0.000000 0.000000 -0.000000 0.000000 0.000000 -95.775888 -22.620947 -18.921405 20.448980 2.132900 -12.778212 -22.156348 4.985790 1.528077 -0.000000 0.000000 -0.000000 86.217658 34.020524 75.243143 416.132955 -40.126289 -347.264589 -284.838656 -58.795202 31.534571 -0.000000 0.000000 0.000000 23.055081 3.186856 0.003259 4.041561 10.181378 -2.315803 -388.546097 -16.019983 83.444083 0.000000 0.000000 -0.000000 -18.578610 9.641985 0.976572 -13.434256 7.532806 0.533931 25.253344 -4.408787 44.570430 -0.000000 0.000000 0.000000
0.000000 0.710868 0.000000 1.271563 3.480078 -0.038630 0.000000 0.000000 -0.000000 -17.630724 35.150662 4.721255 -0.000000 0.000000 0.000000 0.000000 0.000000 0.000000 -0.000000 0.000000 -0.000000 -101.037094 -20.600814 -18.223042 11.850258 5.073477 -9.946477 -22.012067 10.726495 -1.175977 0.000000 0.000000 -0.000000 82.024946 34.575202 80.242121 415.219557 -35.870720 -344.939409 -256.409617 -64.962599 62.607494 0.000000 0.000000 -0.000000 23.273562 2.845415 0.099640 -1.083691 8.057610 -1.745058 -383.938628 -13.874188 83.123994 -0.000000 0.000000 -0.000000 -20.670800 9.146281 0.935362 -15.843672 7.181109 0.457980 28.702319 -2.246869 44.663551 -0.000000 0.000000 0.000000
0.000000 0.721592 0.000000 2.433238 3.880975 -0.082453 -0.000000 0.000000 0.000000 -19.619705 33.755984 4.630556 -0.000000 0.000000 -0.000000 0.000000 0.000000 0.000000 0.000000 0.000000 0.000000 -106.546580 -18.735526 -17.205856 6.607455 10.343695 -10.305768 -15.517224 8.811867 -1.464331 -0.000000 0.000000 0.000000 80.129431 34.453219 82.457837 419.545124 -48.678084 -343.764710 -257.998344 -70.427119 59.449714 -0.000000 0.000000 0.000000 22.531666 3.218094 0.064573 -7.538082 5.711431 -1.344183 -381.400259 -8.318723 84.412953 0.000000 0.000000 -0.000000 -23.312929 8.392045 0.753286 -18.897433 6.215356 0.116802 32.249772 3.273026 41.066812 0.000000 0.000000 0.000000
0.000000 0.740703 0.000000 3.239699 4.155607 -0.117569 0.000000 0.000000 0.000000 -19.714392 33.479549 4.316301 -0.000000 0.000000 -0.000000 -0.000000 0.000000 -0.000000 0.000000 0.000000 -0.000000 -101.537185 -20.617609 -17.192231 13.094218 8.882557 -13.864445 -21.053304 3.842742 1.840674 -0.000000 0.000000 -0.000000 83.577822 33.713240 77.618875 417.656020 -62.738465 -349.782937 -297.618479 -58.654470 10.719065 -0.000000 0.000000 -0.000000 21.543152 2.653691 0.212986 -14.994882 5.040347 -1.306398 -382.687229 2.129981 87.340561 -0.000000 0.000000 -0.000000 -24.987368 5.091859 0.062866 -20.592270 8.214562 1.458768 33.522634 9.500918 36.632578 -0.000000 0.000000 0.000000
0.000000 0.764198 0.000000 3.310272 4.493858 -0.129919 -0.000000 -0.000000 -0.000000 -17.113778 34.223885 3.640382 0.000000 -0.000000 0.000000 -0.000000 -0.000000 -0.000000 -0.000000 0.000000 0.000000 -92.659094 -23.479256 -18.000899 21.020244 4.687514 -16.700355 -24.452530 -1.346784 6.018999 -0.000000 0.000000 0.000000 86.461244 31.014314 71.485251 406.352853 -63.604924 -361.782658 -300.493096 -39.065344 -3.887269 0.000000 0.000000 -0.000000 21.961130 2.722598 0.267935 -23.982740 5.354896 -1.525566 -388.216845 14.484627 92.514145 -0.000000 0.000000 0.000000 -24.032897 2.560733 -0.484018 -23.105445 10.692539 2.861826 33.685768 16.029700 31.739973 -0.000000 0.000000 0.000000
0.000000 0.783690 0.000000 2.668710 4.622392 -0.107728 -0.000000 -0.000000 -0.000000 -12.984006 35.278304 2.800376 0.000000 -0.000000 -0.000000 -0.000000 0.000000 0.000000 0.000000 0.000000 0.000000 -84.036262 -26.151329 -18.781303 27.148653 0.583069 -17.170511 -9.452584 -1.481705 4.691103 0.000000 0.000000 0.000000 87.482296 26.487032 65.909724 396.303678 -57.654871 -370.893784 -296.066791 -35.121780 -7.131029 0.000000 0.000000 -0.000000 21.350947 2.205891 0.407221 -29.420790 6.689047 -1.375450 -395.954851 23.468992 100.233528 -0.000000 0.000000 0.000000 -16.213511 -2.313902 -0.931093 -33.540962 15.847177 6.276624 34.960682 27.263755 24.346069 -0.000000 0.000000 0.000000
0.000000 0.793709 0.000000 1.851888 4.990949 -0.080716 0.000000 0.000000 -0.000000 -9.997820 36.277676 2.270027 -0.000000 0.000000 -0.000000 0.000000 -0.000000 0.000000 0.000000 0.000000 -0.000000 -78.071243 -27.200605 -21.007517 28.348915 -1.112468 -14.605888 5.695756 -0.806776 0.489049 -0.000000 0.000000 0.000000 87.687813 21.335972 61.970159 391.044006 -44.997739 -372.610294 -288.587781 -50.258304 -0.228381 -0.000000 0.000000 0.000000 17.395084 2.405189 0.358599 -27.271825 8.043658 -1.158027 -404.198092 26.523537 107.417255 0.000000 0.000000 0.000000 -3.916843 -7.399552 -0.303632 -48.991056 21.577725 11.448915 41.781648 47.574717 5.402535 0.000000 0.000000 -0.000000
0.000000 0.797621 0.000000 1.095367 5.178307 -0.049534 0.000000 0.000000 0.000000 -9.529348 37.104357 2.441444 -0.000000 0.000000 -0.000000 -0.000000 0.000000 -0.000000 0.000000 0.000000 0.000000 -76.616960 -25.938289 -24.392115 23.929730 -0.535174 -10.486566 -0.384774 0.738255 -1.573924 -0.000000 0.000000 -0.000000 88.450511 17.173327 59.409991 383.609108 -34.797962 -374.462695 -259.340798 -77.160584 25.685150 0.000000 0.000000 -0.000000 11.925450 3.370554 0.157333 -20.470174 8.415239 -0.972469 -403.233174 21.592758 109.974527 -0.000000 0.000000 0.000000 8.838289 -9.910272 1.259016 -61.284701 23.597940 14.078174 31.771747 67.526016 13.888050 -0.000000 0.000000 0.000000
0.000000 0.799265 0.000000 0.990431 5.322926 -0.046041 0.000000 0.000000 -0.000000 -12.274589 37.699306 3.345419 -0.000000 0.000000 -0.000000 0.000000 -0.000000 0.000000 0.000000 0.000000 0.000000 -81.545252 -21.027738 -28.470572 16.972984 0.667147 -6.916271 -15.631239 2.176247 0.366359 0.000000 0.000000 -0.000000 88.239939 15.369876 60.547165 376.200210 -28.782006 -376.013153 -115.618949 -38.085297 162.034483 0.000000 0.000000 0.000000 6.543627 5.492574 -0.057261 -13.310188 8.183499 -0.850670 -400.296125 15.177551 110.452101 0.000000 0.000000 -0.000000 17.463290 -6.938095 1.941910 -65.705605 20.543065 10.180961 -8.652246 66.690216 61.878765 -0.000000 0.000000 -0.000000
0.000000 0.800304 0.000000 1.074434 5.718067 -0.053660 -0.000000 -0.000000 0.000000 -15.258275 38.373669 4.268485 -0.000000 0.000000 -0.000000 0.000000 0.000000 -0.000000 0.000000 0.000000 -0.000000 -81.870435 -17.831400 -32.271963 14.142294 0.857565 -4.984257 -18.041723 0.937569 1.907790 -0.000000 0.000000 -0.000000 86.408243 13.558584 63.655829 371.202784 -22.338480 -374.985412 -99.022941 14.628885 153.325369 0.000000 0.000000 0.000000 1.459988 5.976118 -0.059398 -8.883831 6.794939 -0.536243 -393.676393 12.252286 107.452838 -0.000000 0.000000 0.000000 19.929766 -1.302235 1.247839 -60.074857 15.265495 3.268089 -7.279781 39.137099 77.457165 0.000000 0.000000 0.000000
0.000000 0.800413 0.000000 1.091482 6.408787 -0.061109 -0.000000 -0.000000 0.000000 -17.239459 39.140588 4.903474 0.000000 0.000000 0.000000 0.000000 -0.000000 -0.000000 0.000000 0.000000 -0.000000 -78.416397 -17.767995 -35.528526 15.293124 0.268085 -3.854765 -16.464250 0.792038 1.444698 -0.000000 0.000000 0.000000 83.553892 11.979062 68.032192 367.135821 -17.461222 -373.711760 -84.590401 25.729745 136.373456 -0.000000 0.000000 -0.000000 -1.231508 4.484310 -0.063471 -8.962899 4.972467 -0.461693 -388.917410 14.618173 104.762946 0.000000 0.000000 -0.000000 19.997549 6.963076 -0.164992 -48.728158 6.039175 -4.167100 5.499893 13.892948 73.328108 0.000000 0.000000 -0.000000
0.000000 0.797772 0.000000 0.667572 6.998040 -0.040819 0.000000 0.000000 0.000000 -17.191516 39.535495 5.029930 -0.000000 0.000000 -0.000000 0.000000 -0.000000 0.000000 -0.000000 0.000000 0.000000 -74.609924 -19.897434 -36.780290 18.789892 -0.307276 -3.681226 -12.990305 1.979308 -0.861435 -0.000000 0.000000 -0.000000 79.454240 9.885489 72.173990 363.917217 -13.808504 -372.677389 -66.935894 34.067881 116.572026 0.000000 0.000000 -0.000000 -3.030110 2.300269 -0.137980 -10.103912 5.470389 -0.226952 -385.371903 16.212938 103.373327 -0.000000 0.000000 0.000000 22.727900 11.634601 -1.013357 -40.306386 -0.378462 -6.529853 6.786303 0.293339 67.259728 0.000000 0.000000 -0.000000
0.000000 0.791316 0.000000 -0.480123 7.847725 0.032933 -0.000000 0.000000 0.000000 -15.722156 39.581677 4.900837 -0.000000 0.000000 0.000000 0.000000 -0.000000 0.000000 -0.000000 0.000000 -0.000000 -71.544099 -22.968843 -36.726305 24.637574 -1.016146 -4.366498 -2.042178 2.023949 -3.856725 -0.000000 0.000000 0.000000 76.005749 7.250915 74.817576 360.949852 -11.205698 -372.464426 -50.505690 36.871172 100.340571 0.000000 0.000000 0.000000 -4.686240 1.830346 -0.239390 -9.431671 6.945225 0.090403 -384.822170 15.252549 103.964137 0.000000 0.000000 0.000000 26.076657 12.565378 -1.055633 -30.879854 -1.857089 -5.483288 0.654296 -8.951648 62.858168 -0.000000 0.000000 0.000000
0.000000 0.781023 0.000000 -2.075745 8.309185 0.150796 0.000000 -0.000000 0.000000 -13.570515 39.411816 4.763823 -0.000000 0.000000 -0.000000 0.000000 -0.000000 0.000000 0.000000 0.000000 -0.000000 -68.403596 -27.181779 -34.421178 26.874492 -2.089060 -4.108364 6.406435 1.000316 -5.244610 -0.000000 0.000000 0.000000 74.113604 4.985859 75.115227 358.165236 -10.734484 -374.431389 -44.632107 34.246940 94.377831 0.000000 0.000000 0.000000 -4.896294 3.176109 -0.163371 -10.686015 8.091423 0.178417 -382.545348 11.922176 105.356798 -0.000000 0.000000 -0.000000 29.296066 11.756660 -0.696702 -20.293808 -1.451342 -3.398862 -6.183620 -19.145163 63.827135 0.000000 0.000000 0.000000
0.000000 0.768893 0.000000 -3.396325 8.316619 0.246998 -0.000000 0.000000 -0.000000 -11.799532 39.480948 4.735760 0.000000 0.000000 0.000000 -0.000000 0.000000 -0.000000 -0.000000 0.000000 -0.000000 -65.316853 -31.998717 -30.295062 26.778198 -3.110594 -4.091036 15.373713 -0.945756 -5.910957 0.000000 0.000000 -0.000000 72.416686 1.914329 74.242109 356.815484 -9.932192 -375.294750 -45.095269 29.094166 93.675655 -0.000000 0.000000 -0.000000 -4.712536 5.887497 0.073500 -13.710313 9.411353 0.086781 -385.665302 10.781309 109.872415 -0.000000 0.000000 -0.000000 31.759382 11.149492 -0.479228 -13.713030 -1.473976 -2.100952 -9.194052 -26.197009 65.973315 0.000000 0.000000 -0.000000
0.000000 0.758089 0.000000 -4.144262 8.506056 0.308326 -0.000000 0.000000 -0.000000 -10.127379 39.634254 4.522240 0.000000 -0.000000 0.000000 0.000000 0.000000 0.000000 -0.000000 0.000000 0.000000 -62.607590 -36.187762 -26.260360 24.889892 -3.524574 -4.567088 18.854536 -2.051155 -7.357345 -0.000000 0.000000 0.000000 70.921036 -1.983202 72.197936 356.882398 -9.198247 -375.216316 -44.276972 25.886497 93.341221 -0.000000 0.000000 -0.000000 -5.853429 6.818247 0.159371 -16.842123 8.260144 -0.345592 -388.458915 15.185161 112.733430 -0.000000 0.000000 -0.000000 31.573121 11.111704 -0.336929 -10.468362 -1.888176 -1.483126 -8.047000 -30.772791 67.593864 0.000000 0.000000 -0.000000
0.000000 0.751353 0.000000 -4.106985 8.729275 0.313599 0.000000 0.000000 0.000000 -9.786169 39.640102 4.390471 -0.000000 0.000000 0.000000 0.000000 -0.000000 -0.000000 -0.000000 0.000000 -0.000000 -59.190544 -39.654916 -22.368764 22.634416 -3.666768 -4.667067 17.088501 -1.991687 -9.069811 -0.000000 0.000000 0.000000 70.704381 -4.822840 69.760572 356.820641 -8.735419 -375.238420 -44.209891 22.803268 92.726032 -0.000000 0.000000 -0.000000 -8.130435 5.791133 -0.003878 -20.261830 5.071756 -1.190759 -393.255981 25.689659 115.863111 -0.000000 0.000000 -0.000000 30.459690 11.375573 -0.315529 -11.161274 -2.639343 -1.572294 -6.375682 -30.225871 67.863370 0.000000 0.000000 0.000000
0.000000 0.743006 0.000000 -3.730384 9.033860 0.294800 -0.000000 0.000000 -0.000000 -10.396715 39.296257 4.355482 -0.000000 0.000000 0.000000 0.000000 -0.000000 -0.000000 -0.000000 0.000000 0.000000 -56.667541 -41.334604 -20.072922 21.234137 -3.686310 -4.364273 12.948816 -0.970804 -10.401263 -0.000000 0.000000 0.000000 71.526275 -6.069733 67.722535 357.180115 -8.091171 -374.232688 -42.975653 22.694628 92.312942 0.000000 0.000000 -0.000000 -10.043709 4.063242 -0.309318 -24.596452 2.321774 -2.140397 -400.853723 39.429727 118.338028 0.000000 0.000000 0.000000 29.372464 11.146642 -0.193551 -14.669043 -2.105024 -2.328536 -5.357508 -26.177220 66.903628 0.000000 0.000000 0.000000
0.000000 0.735158 0.000000 -3.295986 9.376888 0.270384 0.000000 0.000000 0.000000 -10.966660 38.733780 4.247147 0.000000 -0.000000 0.000000 -0.000000 0.000000 -0.000000 0.000000 0.000000 0.000000 -57.137807 -41.031030 -20.026728 21.949869 -3.955945 -4.155154 12.480209 -0.717869 -11.602099 -0.000000 0.000000 -0.000000 72.691168 -6.084554 66.201551 358.062824 -7.946008 -373.309481 -43.121380 24.094058 94.438499 0.000000 0.000000 -0.000000 -11.068628 3.020721 -0.534877 -29.229305 0.787447 -3.033257 -423.157333 58.072243 127.080545 -0.000000 0.000000 -0.000000 28.444115 11.474936 -0.205415 -18.232189 0.586293 -3.301854 -5.212016 -23.327544 66.737806 0.000000 0.000000 0.000000
0.000000 0.725669 0.000000 -2.779386 9.600881 0.233459 0.000000 -0.000000 -0.000000 -11.388692 38.052368 4.057642 0.000000 -0.000000 0.000000 -0.000000 0.000000 -0.000000 -0.000000 0.000000 0.000000 -58.438971 -39.757259 -20.886409 21.383655 -3.761081 -3.779611 10.622004 -0.345414 -9.306369 0.000000 0.000000 0.000000 73.831572 -4.712566 65.615994 357.612769 -8.496615 -374.008560 -41.625331 27.141677 95.971614 0.000000 0.000000 0.000000 -10.519169 1.395858 -0.726625 -35.210466 0.169957 -3.539000 -489.028422 75.956940 174.736827 -0.000000 0.000000 0.000000 27.762097 11.903101 -0.285643 -21.938227 3.655402 -4.176101 -6.296898 -19.044682 66.711827 0.000000 0.000000 0.000000
0.000000 0.716986 0.000000 -2.370934 9.616683 0.199469 0.000000 0.000000 -0.000000 -11.310997 37.429651 3.801735 -0.000000 0.000000 -0.000000 0.000000 -0.000000 0.000000 -0.000000 0.000000 0.000000 -60.319534 -37.935841 -22.044066 19.227637 -2.604212 -5.012629 7.856033 -0.286653 -4.417551 0.000000 0.000000 -0.000000 74.407060 -2.994846 65.504214 358.499483 -9.593099 -374.508746 -38.565680 33.898958 97.653785 0.000000 0.000000 -0.000000 -7.406890 0.223982 -0.605994 -44.518370 2.268592 -3.010096 -530.807122 75.501459 213.025135 0.000000 0.000000 -0.000000 28.386024 12.460759 -0.469841 -27.710476 5.916487 -5.206600 -6.763489 -12.876198 66.477720 -0.000000 0.000000 0.000000
0.000000 0.712787 0.000000 -1.651549 9.411953 0.135965 -0.000000 0.000000 -0.000000 -11.329669 37.378720 3.567408 0.000000 0.000000 0.000000 -0.000000 0.000000 0.000000 0.000000 0.000000 -0.000000 -64.852402 -34.720209 -24.900573 17.206885 -1.264211 -6.143372 0.645839 -0.046512 -0.149589 -0.000000 0.000000 0.000000 74.948093 -1.366590 65.621478 360.326989 -10.889357 -374.533193 -37.939074 40.348613 100.291548 -0.000000 0.000000 0.000000 -4.069437 -0.281366 -0.349336 -51.828155 5.355974 -1.612962 -525.908906 76.601239 211.261110 -0.000000 0.000000 -0.000000 27.411503 13.281433 -0.766290 -33.669600 6.620877 -6.166782 -4.508376 -6.771092 66.585617 -0.000000 0.000000 -0.000000
0.000000 0.717172 0.000000 -0.824451 9.093785 0.065566 0.000000 0.000000 0.000000 -11.941657 37.832356 3.532606 -0.000000 0.000000 0.000000 0.000000 0.000000 0.000000 -0.000000 0.000000 -0.000000 -71.120180 -30.379289 -28.440098 16.393450 0.417165 -8.154298 -7.737053 -0.365701 2.598679 0.000000 0.000000 -0.000000 75.906052 -0.040744 65.799282 365.723285 -13.227403 -373.661363 -44.970583 45.811067 107.423000 -0.000000 0.000000 -0.000000 2.237487 -0.667139 0.186115 -60.423830 8.706337 0.056619 -533.113930 76.477525 217.764725 0.000000 0.000000 0.000000 24.145590 13.786629 -0.922238 -35.610562 6.779257 -6.384641 0.043637 -5.827172 64.588667 0.000000 0.000000 -0.000000
0.000000 0.731706 0.000000 -0.127605 8.961534 0.010000 0.000000 0.000000 -0.000000 -13.088215 38.341416 3.683744 -0.000000 0.000000 0.000000 0.000000 0.000000 0.000000 0.000000 0.000000 -0.000000 -76.873088 -25.878392 -31.473493 16.384393 1.877500 -9.558447 -11.990147 -0.434266 2.723109 -0.000000 0.000000 -0.000000 78.284821 2.351755 66.071453 371.912890 -15.293128 -371.766429 -62.287653 45.183312 120.301675 0.000000 0.000000 -0.000000 8.129260 -0.213678 0.652906 -62.984241 12.947816 1.652990 -484.085871 80.925840 171.502546 -0.000000 0.000000 -0.000000 18.619723 11.398033 -0.392949 -33.997114 5.497032 -5.308763 6.394121 -6.228769 60.234257 -0.000000 0.000000 -0.000000
0.000000 0.753467 0.000000 0.463598 8.695000 -0.035245 0.000000 0.000000 0.000000 -14.503483 38.544437 3.929634 -0.000000 0.000000 -0.000000 0.000000 0.000000 0.000000 0.000000 0.000000 0.000000 -80.932629 -21.278873 -33.700322 17.817989 1.962278 -8.989932 -12.010635 -0.365318 2.304793 -0.000000 0.000000 0.000000 81.119458 5.360359 65.989654 378.310068 -19.121102 -371.203784 -88.468302 31.410822 141.464911 0.000000 0.000000 0.000000 9.160295 1.109834 0.605162 -53.700410 15.597088 1.613459 -429.874836 69.557453 118.766917 -0.000000 0.000000 -0.000000 13.463896 9.241545 -0.102827 -29.537225 4.138053 -4.080475 7.430311 -4.739867 58.440220 -0.000000 0.000000 0.000000
0.000000 0.771279 0.000000 0.905415 8.314907 -0.065815 0.000000 0.000000 -0.000000 -15.992569 38.153451 4.183956 0.000000 -0.000000 0.000000 -0.000000 0.000000 -0.000000 0.000000 0.000000 -0.000000 -82.067065 -18.782768 -34.150749 19.488670 1.765763 -8.597614 -10.946712 -1.831985 3.920046 0.000000 0.000000 -0.000000 84.510939 9.152485 65.265847 380.822334 -23.330101 -372.232034 -105.711778 2.405873 154.079235 -0.000000 0.000000 -0.000000 10.489633 1.459050 0.620269 -40.600402 15.087041 0.474378 -413.469184 51.940023 104.290429 0.000000 0.000000 -0.000000 5.962645 6.439297 0.047669 -21.499756 2.258747 -2.501925 6.760445 -0.715540 55.356327 -0.000000 0.000000 -0.000000
0.000000 0.782725 0.000000 0.954047 7.781382 -0.064886 -0.000000 -0.000000 -0.000000 -16.947397 37.623894 4.426045 0.000000 -0.000000 -0.000000 0.000000 -0.000000 0.000000 0.000000 0.000000 -0.000000 -79.590278 -19.128547 -33.612230 21.070148 1.573120 -8.714429 -3.866061 -1.687451 3.158636 0.000000 0.000000 -0.000000 87.871326 12.524723 63.882412 382.640855 -27.303747 -373.127678 -117.090999 -34.326761 158.674841 0.000000 0.000000 -0.000000 14.524157 -0.635655 1.080151 -32.591794 13.470679 0.058093 -395.021574 27.308886 99.322240 -0.000000 0.000000 0.000000 -1.567839 3.582257 -0.087484 -13.130981 0.914237 -1.203502 5.971359 3.503586 53.865936 0.000000 0.000000 0.000000
0.000000 0.783687 0.000000 1.138078 7.220029 -0.071804 -0.000000 0.000000 -0.000000 -17.871659 37.134860 4.623006 0.000000 -0.000000 0.000000 -0.000000 0.000000 -0.000000 -0.000000 0.000000 0.000000 -79.584615 -19.640971 -31.844083 21.951747 1.847342 -9.918167 -0.599714 -1.089411 1.901607 -0.000000 0.000000 -0.000000 91.297156 16.929110 63.117237 382.562863 -31.978047 -374.478640 -132.017623 -67.496377 151.052583 0.000000 0.000000 0.000000 17.413585 -2.528265 1.519630 -24.393740 13.113799 -0.260178 -388.313299 15.877255 93.709543 -0.000000 0.000000 0.000000 -8.248048 3.448372 -0.307098 -8.317948 0.514068 -0.710210 7.557675 5.003802 52.927584 -0.000000 0.000000 -0.000000
0.000000 0.774917 0.000000 1.248026 6.614901 -0.072126 -0.000000 -0.000000 0.000000 -18.460441 36.619606 4.754064 0.000000 -0.000000 0.000000 -0.000000 0.000000 -0.000000 -0.000000 0.000000 -0.000000 -81.999232 -20.873304 -28.520641 22.705348 2.917531 -13.159816 -1.708239 -0.979913 1.811961 -0.000000 0.000000 0.000000 94.524987 21.735675 62.604152 384.099169 -37.786840 -374.730218 -243.641176 -82.526312 45.531059 0.000000 0.000000 0.000000 22.591086 -3.268925 2.012319 -20.104210 13.437992 -0.941449 -390.517094 11.964899 89.367893 0.000000 0.000000 -0.000000 -12.976695 5.536720 -0.183491 -5.941212 2.156422 -0.298607 10.561685 0.993177 51.306704 -0.000000 0.000000 -0.000000
0.000000 0.756939 0.000000 1.062136 6.007680 -0.055737 0.000000 0.000000 0.000000 -18.277396 36.222615 4.787645 -0.000000 0.000000 -0.000000 0.000000 -0.000000 -0.000000 -0.000000 0.000000 -0.000000 -85.054202 -22.649713 -24.886183 21.372615 4.572937 -16.031573 -2.678244 -0.340948 0.945091 0.000000 0.000000 -0.000000 97.117663 26.986917 62.757297 386.814967 -43.356869 -373.028859 -279.222706 -75.175561 16.112950 -0.000000 0.000000 0.000000 25.919178 -2.266826 1.928503 -13.163274 13.907896 -2.069688 -392.532320 3.886101 85.957306 -0.000000 0.000000 -0.000000 -14.869738 7.060200 0.072534 -7.618622 3.389440 -0.237894 15.131490 -1.519323 48.005254 0.000000 0.000000 -0.000000
0.000000 0.735582 0.000000 0.607557 4.981714 -0.026430 0.000000 0.000000 0.000000 -17.551311 35.522781 4.762413 -0.000000 0.000000 0.000000 0.000000 -0.000000 0.000000 -0.000000 0.000000 0.000000 -88.067722 -23.174302 -21.640422 20.150689 5.891580 -17.246556 -4.322460 -0.579015 1.532104 -0.000000 0.000000 -0.000000 97.362926 31.644726 64.158988 390.317043 -51.919008 -371.279397 -296.974290 -59.980968 1.852483 0.000000 0.000000 -0.000000 24.622219 0.784428 0.913879 -2.892427 12.558820 -2.649411 -391.423631 -8.091705 85.900487 -0.000000 0.000000 0.000000 -13.370997 9.506624 0.483595 -12.725312 4.317699 -0.675496 18.987031 -2.460978 46.909942 -0.000000 0.000000 0.000000
0.000000 0.716897 0.000000 0.045585 4.021572 -0.001600 0.000000 0.000000 0.000000 -16.633517 34.719931 4.682884 -0.000000 0.000000 -0.000000 0.000000 0.000000 0.000000 -0.000000 0.000000 0.000000 -91.634915 -22.813312 -19.097000 16.537189 8.494974 -17.422612 -10.316992 -2.150698 3.924312 0.000000 0.000000 0.000000 96.242254 34.887609 66.008298 397.394395 -59.620598 -366.305275 -302.717030 -52.005413 -0.821796 -0.000000 0.000000 0.000000 24.257844 3.875180 0.029997 1.872681 10.773339 -2.403545 -386.297176 -18.731268 84.863502 -0.000000 0.000000 0.000000 -13.307599 10.669299 0.777159 -15.848031 5.033361 -0.800114 22.755070 -2.795487 45.568099 -0.000000 0.000000 0.000000
0.000000 0.708922 0.000000 -0.404156 3.357461 0.011845 0.000000 0.000000 -0.000000 -15.737611 34.201264 4.573513 0.000000 0.000000 0.000000 -0.000000 0.000000 -0.000000 -0.000000 0.000000 -0.000000 -95.168344 -21.097792 -18.266690 13.865482 10.016067 -16.292833 -14.168651 -0.165557 2.366374 -0.000000 0.000000 -0.000000 94.592230 35.447111 67.012121 405.435008 -62.732538 -360.301780 -306.002292 -47.603453 -1.629904 0.000000 0.000000 0.000000 24.792542 4.378120 -0.209221 0.688742 10.234923 -2.252671 -379.213101 -24.659532 84.276680 -0.000000 0.000000 -0.000000 -15.328878 10.705772 1.034097 -16.793508 6.103193 -0.374229 26.124523 -2.779293 44.857227 0.000000 0.000000 -0.000000
0.000000 0.713897 0.000000 -0.306730 3.231009 0.008651 -0.000000 0.000000 -0.000000 -15.251058 33.850570 4.366090 -0.000000 0.000000 0.000000 -0.000000 0.000000 0.000000 0.000000 0.000000 -0.000000 -100.500195 -18.696969 -18.069781 12.165714 11.136639 -15.053269 -16.561480 2.936193 0.481884 0.000000 0.000000 -0.000000 92.730252 35.360620 68.144035 407.584070 -66.050927 -359.154896 -307.797584 -45.864609 -3.454906 -0.000000 0.000000 -0.000000 24.558689 3.329056 -0.012450 -3.288869 9.751369 -2.008775 -376.045917 -21.820769 84.181708 -0.000000 0.000000 -0.000000 -17.878174 9.907995 1.083651 -18.501674 6.409635 -0.111679 29.680144 -0.366531 43.962241 -0.000000 0.000000 0.000000
0.000000 0.729399 0.000000 0.364123 3.389177 -0.010773 -0.000000 0.000000 -0.000000 -15.513233 33.827240 4.208090 0.000000 -0.000000 0.000000 0.000000 -0.000000 -0.000000 0.000000 0.000000 0.000000 -104.514368 -16.457364 -18.460173 13.008484 10.831446 -14.366305 -15.745135 5.842535 -1.436263 0.000000 0.000000 0.000000 92.196725 34.889832 68.185923 407.010233 -68.489689 -360.494963 -309.973576 -46.213557 -5.439310 0.000000 0.000000 0.000000 24.182320 1.738563 0.348658 -9.188011 9.404929 -1.679227 -376.989156 -12.599815 83.459404 0.000000 0.000000 -0.000000 -19.725137 5.688507 0.382660 -21.140073 8.814478 1.504595 31.434078 5.669282 43.057099 -0.000000 0.000000 -0.000000
0.000000 0.751442 0.000000 1.393494 3.529494 -0.042936 0.000000 0.000000 -0.000000 -16.829416 34.084911 4.277932 -0.000000 0.000000 0.000000 -0.000000 0.000000 -0.000000 -0.000000 0.000000 -0.000000 -106.741406 -14.864989 -19.063801 15.110942 9.387328 -13.771584 -13.843726 7.387716 -2.714409 0.000000 0.000000 0.000000 93.683787 34.147030 66.669602 404.089618 -68.329009 -363.701669 -311.401191 -47.622654 -6.760851 -0.000000 0.000000 0.000000 22.494006 0.200805 0.661449 -15.685950 9.237174 -1.150121 -382.517409 3.118651 85.395725 0.000000 0.000000 0.000000 -21.107467 0.308413 -0.602849 -24.164694 12.896627 4.405850 31.307798 15.076924 40.035428 -0.000000 0.000000 0.000000
0.000000 0.774543 0.000000 2.396735 3.475447 -0.072723 0.000000 0.000000 -0.000000 -18.726346 34.434039 4.564275 0.000000 -0.000000 0.000000 -0.000000 0.000000 0.000000 0.000000 0.000000 -0.000000 -101.746906 -14.381653 -21.053181 21.573459 5.892386 -14.179838 -13.228838 6.081239 -2.980185 0.000000 0.000000 0.000000 95.490668 32.805809 64.784776 397.155051 -63.603468 -369.221845 -308.734434 -52.240070 -5.877877 -0.000000 0.000000 -0.000000 21.201227 -1.074620 0.877688 -23.864393 9.627684 -0.430309 -389.901954 17.922848 92.956939 -0.000000 0.000000 0.000000 -19.928735 -5.515197 -1.457816 -31.783819 18.623118 9.235076 31.334577 26.672901 37.033585 -0.000000 0.000000 -0.000000
0.000000 0.790782 0.000000 3.037192 3.592044 -0.095259 -0.000000 -0.000000 -0.000000 -20.455157 35.459371 5.014207 -0.000000 0.000000 0.000000 0.000000 -0.000000 0.000000 -0.000000 0.000000 -0.000000 -92.271526 -15.299075 -24.546474 26.202650 3.304248 -13.808614 -14.847979 3.242519 -1.393982 0.000000 0.000000 -0.000000 96.640708 29.222784 62.680578 393.225882 -54.722647 -371.909003 -302.058379 -59.145183 -2.570067 -0.000000 0.000000 0.000000 18.375194 -1.457278 0.859220 -28.006347 11.039382 0.164506 -397.733165 25.938219 100.603800 -0.000000 0.000000 -0.000000 -13.819566 -10.514939 -1.425579 -44.889221 22.578388 14.804328 36.604524 42.160374 23.284692 -0.000000 0.000000 -0.000000
0.000000 0.797730 0.000000 3.432675 4.059469 -0.121692 -0.000000 0.000000 -0.000000 -21.991621 36.530512 5.455062 0.000000 0.000000 0.000000 -0.000000 0.000000 -0.000000 0.000000 0.000000 0.000000 -82.100457 -17.853192 -27.839026 27.568096 2.094531 -12.820179 -14.007685 3.416672 -2.975316 0.000000 0.000000 0.000000 97.126118 24.864457 61.005144 387.850541 -43.084706 -373.604097 -276.845574 -77.548038 17.413254 -0.000000 0.000000 -0.000000 13.544735 -0.277192 0.525744 -25.731154 12.433530 0.132449 -401.885369 24.908992 106.062809 0.000000 0.000000 0.000000 -4.596020 -14.215009 -0.307165 -59.616261 26.483982 20.983362 47.584896 54.073026 3.065545 0.000000 0.000000 0.000000
0.000000 0.796854 0.000000 3.431887 4.664657 -0.139820 -0.000000 0.000000 -0.000000 -22.485603 37.592459 5.698295 -0.000000 0.000000 0.000000 -0.000000 0.000000 -0.000000 -0.000000 0.000000 -0.000000 -74.582363 -20.674514 -30.278772 25.356787 2.108956 -11.792034 -7.463907 3.080900 -4.396808 -0.000000 0.000000 -0.000000 96.407163 20.655490 60.307489 378.904128 -36.010572 -377.720513 -125.565824 -70.077260 160.833002 -0.000000 0.000000 -0.000000 7.700240 1.819696 0.137845 -18.343732 11.180038 -0.328274 -402.568733 18.848343 111.481809 0.000000 0.000000 -0.000000 6.131898 -12.833013 1.321883 -69.706370 24.475666 19.416021 53.315932 64.671138 -6.074729 -0.000000 0.000000 0.000000
0.000000 0.794563 0.000000 3.325557 4.977042 -0.144570 0.000000 0.000000 -0.000000 -22.350236 38.496879 5.810874 0.000000 -0.000000 0.000000 -0.000000 0.000000 -0.000000 -0.000000 0.000000 -0.000000 -72.310343 -21.857021 -31.717024 20.316624 2.656552 -10.403063 -4.805971 2.927309 -4.397850 0.000000 0.000000 -0.000000 93.434799 17.125695 61.639264 373.808567 -29.059715 -377.782338 -111.455390 -30.136013 163.231736 0.000000 0.000000 -0.000000 2.849792 4.552602 -0.121595 -12.094939 9.416079 -0.523246 -399.633370 13.472452 112.349969 0.000000 0.000000 0.000000 14.849638 -8.707924 2.040062 -72.662550 20.886997 13.433965 23.616614 71.955110 27.229414 0.000000 0.000000 -0.000000
0.000000 0.793713 0.000000 3.099700 5.421462 -0.146796 0.000000 0.000000 0.000000 -22.119114 39.070163 5.850593 0.000000 -0.000000 0.000000 -0.000000 0.000000 -0.000000 0.000000 0.000000 0.000000 -75.794948 -20.294629 -33.034130 15.377419 3.566247 -9.386729 -10.159051 2.343927 -2.070143 -0.000000 0.000000 -0.000000 89.304697 14.951524 65.082189 370.964821 -23.935843 -376.339936 -98.609654 15.429126 153.073579 -0.000000 0.000000 0.000000 -1.234121 5.609390 -0.149870 -8.968206 6.717014 -0.451060 -394.634794 12.666495 110.421782 0.000000 0.000000 0.000000 18.795479 -1.495146 1.191004 -65.532128 14.836794 3.853058 -1.237492 49.495315 65.946991 -0.000000 0.000000 0.000000
0.000000 0.794982 0.000000 2.399375 6.067575 -0.127183 0.000000 0.000000 -0.000000 -21.994433 39.132553 5.966375 -0.000000 0.000000 0.000000 0.000000 0.000000 0.000000 -0.000000 0.000000 -0.000000 -75.186034 -20.047784 -34.363185 15.806110 2.444579 -7.627341 -9.114996 0.826389 -0.110241 0.000000 0.000000 0.000000 85.417824 13.582943 69.246563 367.160646 -19.749194 -375.505812 -76.355127 39.275674 129.960059 -0.000000 0.000000 0.000000 -1.861742 4.244473 -0.118595 -12.220329 5.171740 -0.578445 -388.490170 14.389004 109.019483 -0.000000 0.000000 -0.000000 20.826424 5.235332 0.044681 -54.314802 7.854197 -3.105747 10.296009 14.744661 68.729278 0.000000 0.000000 -0.000000
0.000000 0.796428 0.000000 1.017909 6.828420 -0.060730 -0.000000 -0.000000 0.000000 -21.311854 39.002667 6.103211 0.000000 -0.000000 0.000000 -0.000000 0.000000 0.000000 -0.000000 0.000000 0.000000 -71.306237 -22.241715 -34.901822 18.720674 1.055471 -6.548642 -8.015157 -0.723267 2.081530 0.000000 0.000000 -0.000000 82.044952 11.177535 72.353930 365.009633 -16.406532 -374.533711 -60.392613 41.652195 112.725733 0.000000 0.000000 -0.000000 -1.870450 2.566290 -0.092539 -15.127031 5.512436 -0.478183 -386.002745 17.331618 107.332446 0.000000 0.000000 0.000000 23.982000 11.073792 -1.013266 -43.421657 0.466747 -6.610085 9.742536 -0.765042 64.352045 0.000000 0.000000 -0.000000
0.000000 0.796054 0.000000 -0.736626 7.669524 0.049376 0.000000 -0.000000 0.000000 -20.294964 38.721775 6.237848 0.000000 -0.000000 -0.000000 -0.000000 0.000000 0.000000 -0.000000 0.000000 0.000000 -66.343894 -26.012133 -34.123095 21.533184 -0.116067 -5.892380 -4.193210 -0.045874 0.765607 -0.000000 0.000000 -0.000000 80.257032 9.119200 74.025484 362.828678 -14.667099 -374.892981 -51.632279 40.240098 104.031992 0.000000 0.000000 -0.000000 -1.945406 1.897172 -0.086166 -15.732152 6.607542 -0.257484 -387.237314 19.669480 106.381382 -0.000000 0.000000 -0.000000 27.401998 12.749662 -1.173501 -32.496169 -1.540015 -5.754253 0.917450 -8.639647 63.264908 -0.000000 0.000000 -0.000000
0.000000 0.791305 0.000000 -2.696916 8.242684 0.194363 0.000000 -0.000000 -0.000000 -18.545340 38.419682 6.280573 -0.000000 0.000000 0.000000 0.000000 -0.000000 0.000000 -0.000000 0.000000 -0.000000 -61.330045 -30.203709 -31.949503 23.364473 -0.737526 -6.295359 5.119996 0.122925 -1.581617 0.000000 0.000000 0.000000 79.754488 7.288467 73.632914 359.432885 -14.007511 -377.178693 -47.819703 36.982591 101.631191 -0.000000 0.000000 0.000000 -2.293951 2.681925 -0.048991 -14.341348 7.232039 -0.154318 -388.679721 19.707487 106.286659 0.000000 0.000000 0.000000 30.913143 13.423479 -1.130858 -23.117288 -3.396147 -4.125099 -6.676536 -14.905048 63.765005 -0.000000 0.000000 -0.000000
0.000000 0.783307 0.000000 -4.019834 8.224954 0.289143 0.000000 -0.000000 0.000000 -16.892446 38.291954 6.254294 -0.000000 0.000000 -0.000000 0.000000 -0.000000 -0.000000 -0.000000 0.000000 -0.000000 -58.049829 -33.387884 -28.921546 24.476698 -1.739963 -5.741865 10.725597 -0.480333 -2.501323 -0.000000 0.000000 -0.000000 78.701163 4.787359 72.361403 357.765923 -12.391740 -377.319499 -51.981244 28.411195 103.355935 0.000000 0.000000 -0.000000 -2.544014 5.318102 0.121302 -15.153028 7.205285 -0.446630 -392.059386 20.966384 107.901186 -0.000000 0.000000 -0.000000 33.364862 14.950632 -1.507318 -16.086951 -4.603064 -2.675135 -12.416852 -19.745781 66.033089 -0.000000 0.000000 -0.000000
0.000000 0.771840 0.000000 -4.679832 8.257351 0.337996 0.000000 -0.000000 -0.000000 -14.948557 38.553816 5.977880 0.000000 -0.000000 0.000000 -0.000000 0.000000 -0.000000 0.000000 0.000000 -0.000000 -56.706091 -35.690539 -26.677717 24.311067 -2.622708 -4.520901 15.410013 -1.161622 -4.719295 0.000000 0.000000 0.000000 76.618039 1.588148 71.327382 357.725814 -10.850606 -376.269694 -51.637193 24.379403 101.240720 -0.000000 0.000000 0.000000 -3.390157 7.187689 0.261852 -18.279179 6.758971 -0.959863 -394.150142 25.321554 108.296852 -0.000000 0.000000 -0.000000 33.497667 16.576278 -1.848325 -12.419041 -6.016286 -1.808083 -12.084797 -25.161650 68.203543 0.000000 0.000000 -0.000000
0.000000 0.759257 0.000000 -4.819185 8.521988 0.359268 0.000000 0.000000 0.000000 -13.657525 38.528160 5.617923 -0.000000 0.000000 -0.000000 0.000000 0.000000 0.000000 -0.000000 0.000000 0.000000 -56.223319 -37.320615 -24.758993 24.124567 -3.622281 -2.539309 17.260491 -1.867134 -6.926775 -0.000000 0.000000 -0.000000 75.232101 -0.925549 70.050681 357.290072 -9.156874 -374.884734 -48.755779 23.157631 98.218882 -0.000000 0.000000 0.000000 -4.281534 7.784775 0.299997 -23.450748 5.122619 -1.992186 -393.982963 32.029756 108.362051 -0.000000 0.000000 0.000000 32.381237 17.159274 -1.811242 -11.986219 -6.404955 -1.793348 -9.245438 -28.304736 68.940434 0.000000 0.000000 0.000000
0.000000 0.744997 0.000000 -4.510375 8.860479 0.349629 0.000000 0.000000 -0.000000 -13.846882 38.198379 5.460301 0.000000 -0.000000 -0.000000 -0.000000 0.000000 0.000000 -0.000000 0.000000 0.000000 -56.392158 -38.807445 -22.379854 23.908377 -4.212348 -2.590158 16.218325 -1.982828 -7.832061 -0.000000 0.000000 -0.000000 75.168727 -2.326530 68.743917 357.987868 -8.127919 -373.242823 -44.836020 25.199195 96.048015 0.000000 0.000000 -0.000000 -5.283469 7.977952 0.273194 -29.096408 2.828566 -3.528968 -402.926232 47.384532 110.508875 -0.000000 0.000000 -0.000000 30.924542 17.712611 -1.782542 -14.254810 -5.215952 -2.728154 -6.117284 -29.458020 69.989241 0.000000 0.000000 0.000000
0.000000 0.732665 0.000000 -3.811065 9.232000 0.307815 -0.000000 0.000000 -0.000000 -14.742254 37.635985 5.309534 0.000000 0.000000 -0.000000 0.000000 0.000000 0.000000 0.000000 0.000000 -0.000000 -57.321457 -39.702110 -20.375867 23.737554 -4.604382 -3.298109 13.995346 -1.583140 -8.385711 0.000000 0.000000 0.000000 76.146305 -2.002447 67.869016 358.048865 -7.817916 -372.638273 -42.032464 27.787567 95.381984 0.000000 0.000000 -0.000000 -6.828421 7.773739 0.170524 -33.831657 1.541270 -4.753030 -424.414871 65.846708 120.916559 0.000000 0.000000 -0.000000 28.961015 17.530704 -1.593182 -17.665981 -3.502019 -3.867953 -4.920087 -26.136827 69.345132 -0.000000 0.000000 -0.000000
0.000000 0.723869 0.000000 -3.112835 9.613153 0.261816 -0.000000 0.000000 0.000000 -15.713818 36.678649 5.093637 -0.000000 0.000000 -0.000000 -0.000000 0.000000 -0.000000 0.000000 0.000000 -0.000000 -58.303452 -39.103662 -19.980731 22.961453 -3.874351 -5.410065 11.516879 -0.563134 -8.359018 -0.000000 0.000000 0.000000 77.900283 -0.047127 67.244773 357.260429 -7.704342 -372.499875 -39.619512 30.227319 93.146474 0.000000 0.000000 -0.000000 -7.621753 5.634687 -0.115225 -37.603707 1.024658 -4.943229 -474.639160 80.352672 160.657391 -0.000000 0.000000 0.000000 27.882298 14.956375 -0.938492 -21.738455 0.149762 -4.625287 -5.005919 -20.324369 64.584720 -0.000000 0.000000 0.000000
0.000000 0.718169 0.000000 -2.191380 9.544136 0.182962 0.000000 -0.000000 -0.000000 -16.300017 36.065394 4.822034 -0.000000 0.000000 -0.000000 0.000000 -0.000000 0.000000 -0.000000 0.000000 -0.000000 -60.643861 -36.486224 -21.944907 21.531686 -2.789559 -6.020908 4.124614 1.370368 -6.674519 -0.000000 0.000000 0.000000 79.393228 2.827691 67.141554 355.487141 -7.985158 -373.291438 -36.845780 33.682047 92.325732 -0.000000 0.000000 -0.000000 -6.628104 2.800897 -0.339782 -43.518896 1.700423 -4.268176 -558.467282 76.666560 236.472652 -0.000000 0.000000 -0.000000 27.038331 12.524068 -0.485780 -26.341839 4.554445 -4.973405 -4.587682 -13.951926 60.114729 0.000000 0.000000 -0.000000
0.000000 0.715729 0.000000 -1.149377 9.163678 0.092113 0.000000 -0.000000 0.000000 -16.497642 35.936640 4.549008 -0.000000 0.000000 0.000000 0.000000 -0.000000 -0.000000 0.000000 0.000000 -0.000000 -64.295799 -32.299139 -25.543629 19.659241 -1.865225 -5.088189 -4.348216 2.735078 -4.329716 0.000000 0.000000 0.000000 80.241626 5.165387 67.049579 354.969645 -8.560229 -373.719129 -39.914474 35.925964 97.727783 0.000000 0.000000 -0.000000 -5.384487 0.008902 -0.431564 -48.623245 5.316331 -1.479218 -574.172116 74.423049 251.657982 0.000000 0.000000 0.000000 25.388706 10.410921 -0.179670 -31.200463 8.321662 -4.778858 -0.146302 -10.954294 55.275484 -0.000000 0.000000 0.000000
0.000000 0.720706 0.000000 -0.051307 8.762583 0.003931 0.000000 -0.000000 -0.000000 -17.180201 35.967955 4.417368 0.000000 -0.000000 0.000000 0.000000 0.000000 0.000000 0.000000 0.000000 0.000000 -68.395513 -27.749821 -28.906525 17.971481 -1.004917 -4.589356 -12.234642 3.579181 -2.694091 -0.000000 0.000000 -0.000000 81.045306 7.213020 67.200811 358.130372 -10.184255 -373.219869 -47.050374 38.939354 105.320885 -0.000000 0.000000 -0.000000 -1.312689 -2.201557 -0.126597 -55.508178 9.582299 1.732271 -579.388687 80.366039 262.395570 -0.000000 0.000000 0.000000 22.728227 8.641846 0.028423 -34.157649 10.264585 -4.111234 4.901927 -10.153543 51.948953 0.000000 0.000000 -0.000000
0.000000 0.730707 0.000000 0.480143 8.352182 -0.035058 0.000000 0.000000 0.000000 -17.899686 36.407132 4.564164 0.000000 0.000000 0.000000 -0.000000 0.000000 -0.000000 -0.000000 0.000000 0.000000 -72.129930 -23.978307 -31.438528 15.198300 -0.259585 -4.052919 -16.457628 3.301960 -1.041671 -0.000000 0.000000 -0.000000 82.744660 8.636548 66.652213 364.152811 -13.773590 -373.168899 -61.813321 39.841113 118.904381 -0.000000 0.000000 0.000000 3.241553 -2.279445 0.310345 -57.011661 14.393631 4.045435 -707.710844 87.278221 394.536711 -0.000000 0.000000 -0.000000 19.241166 8.495350 -0.060215 -34.140969 9.921495 -3.752965 8.073722 -9.808294 52.285437 -0.000000 0.000000 -0.000000
0.000000 0.745986 0.000000 0.612638 7.969036 -0.042674 0.000000 0.000000 -0.000000 -18.379764 36.804273 4.777563 0.000000 -0.000000 0.000000 -0.000000 0.000000 -0.000000 -0.000000 0.000000 0.000000 -76.473984 -20.392728 -32.950965 15.280714 0.326154 -4.581866 -14.952593 1.619524 0.610076 0.000000 0.000000 -0.000000 85.337304 10.383008 65.483928 369.072041 -17.645041 -373.642480 -77.638387 37.429179 133.829489 0.000000 0.000000 -0.000000 8.303457 -2.105586 0.742798 -54.470236 16.673329 4.199957 -750.784122 74.452436 439.724630 0.000000 0.000000 -0.000000 14.369143 7.938750 -0.038653 -31.166874 8.156318 -3.186650 9.573423 -7.226093 51.878917 -0.000000 0.000000 0.000000
0.000000 0.766541 0.000000 0.345487 7.607204 -0.022969 -0.000000 -0.000000 -0.000000 -18.740934 37.309648 5.119736 -0.000000 0.000000 0.000000 0.000000 0.000000 0.000000 0.000000 0.000000 0.000000 -81.241488 -17.236465 -33.613381 16.541497 0.903610 -5.612853 -9.994373 -0.674880 2.438945 0.000000 0.000000 -0.000000 88.812614 12.086054 63.661314 373.926024 -22.744340 -374.910925 -94.793091 28.258739 150.513056 -0.000000 0.000000 0.000000 13.882058 -1.055861 1.058893 -46.870060 17.207560 2.446497 -756.427575 55.771888 447.402632 -0.000000 0.000000 -0.000000 8.236723 7.728574 -0.032158 -25.165854 4.631611 -2.729083 9.551961 -3.427429 51.862055 0.000000 0.000000 0.000000
0.000000 0.792372 0.000000 -0.318010 7.266314 0.020192 0.000000 0.000000 0.000000 -18.997268 37.920882 5.598824 0.000000 0.000000 -0.000000 0.000000 0.000000 -0.000000 0.000000 0.000000 -0.000000 -86.409588 -14.675954 -33.455869 18.679197 1.464702 -7.091290 -1.752480 -3.286493 4.506817 -0.000000 0.000000 -0.000000 93.256183 13.630447 61.051196 377.623257 -29.079423 -377.385156 -108.606485 7.666240 166.000595 0.000000 0.000000 -0.000000 19.858607 0.779398 1.139340 -35.332108 14.748880 -0.330382 -757.347423 34.184445 451.416754 0.000000 0.000000 -0.000000 0.907350 7.794183 0.017454 -16.085096 -0.655692 -2.225941 7.966360 1.765560 52.350681 -0.000000 0.000000 0.000000
